0.28544,-1.6843,0.26294,-0.28732,0.58573,0.98019,-0.063375,0.76723,-1.1046,-0.25187
0.50501,-0.45465,0.31746,-0.11509,0.5677,0.81891,0.46165,1.0931,-1.2003,-0.39162
-0.43192,-0.4788,0.84671,-0.011731,-0.13858,0.74259,-0.44028,1.3633,-0.32524,-0.19468
0.7286,-0.27189,0.32684,-0.25072,-0.47102,1.2158,-0.10613,1.6158,-0.67081,0.12987
0.052119,-1.3807,0.63794,-0.23198,0.24634,1.4389,-0.86002,0.66808,-0.56033,0.41496
-0.091194,-0.60037,0.69744,-0.15622,1.2275,1.1222,0.8003,0.6561,-0.84295,-0.22574
0.57727,-0.47296,0.60427,-0.086793,0.77272,1.0058,-0.1338,1.3255,-0.71354,-1.7408
0.30139,-0.86827,0.68202,0.077368,0.44034,0.40738,-0.076658,1.4683,-0.88577,-0.24149
0.59083,-0.21294,0.93958,0.046124,0.27303,1.1223,0.090551,1.3443,-0.71951,-0.31451
0.51981,-0.18979,0.60631,-0.038693,0.42068,1.2275,-0.024094,1.4922,-0.7713,-0.71713
0.60957,-0.48378,-0.039686,0.020675,0.13785,1.2117,0.043075,1.4553,-0.57907,-0.30577
1.236,-0.57258,0.24975,0.16555,0.1552,0.86857,0.52583,0.86131,-1.2676,-0.39825
-0.30753,-2.3754,-0.051453,1.0364,0.30242,0.63952,0.7386,1.1268,-0.85637,-1.4756
0.59913,-0.96992,0.59617,-0.2856,0.51269,1.7296,-0.56124,0.87198,-0.26298,-0.56526
0.6034,-0.52094,-0.69503,0.68542,0.40142,0.54715,0.86497,1.2676,-0.91204,0.17496
0.64882,-0.32073,1.3525,0.17143,0.5179,0.97262,0.08273,0.84486,-1.2245,-0.43
0.5876,-0.68153,0.67428,-0.59397,0.50221,0.48382,-0.25352,0.73849,-0.64273,0.31164
0.61643,-0.5307,0.080626,-0.38402,0.33699,1.3137,0.455,1.2589,-0.65659,-0.33155
0.61791,-0.25505,0.54014,-0.018063,0.59433,1.1398,0.25529,0.72506,-0.79703,-0.30096
1.0921,-0.25814,-0.16444,0.77844,0.14741,0.92711,-0.3205,0.98407,-0.21459,-0.26691
0.72274,-0.75877,1.2115,-0.78044,0.82258,0.71638,0.046025,1.1279,-0.23867,-0.11909
0.57093,-1.2768,0.56919,-0.17709,0.73891,0.5449,-0.27035,0.27401,-1.689,-0.18109
0.33209,-0.76372,0.17155,-0.17743,0.8057,1.4348,-0.080839,0.57772,-1.0422,-0.069329
0.84472,-0.39252,0.41807,-0.51641,0.4743,0.7526,0.043327,1.3019,-1.1023,-0.67348
1.0008,-0.85117,0.12792,0.074,0.28003,0.99248,-0.13026,0.95542,-0.95908,-0.23055
0.36863,-0.41222,0.58703,0.063193,0.27598,0.49693,0.090855,1.3675,-0.65235,-0.16098
0.65653,-0.39483,0.24388,-0.20989,0.26941,0.3891,-0.30513,1.2619,-0.73249,-0.41228
0.34337,-0.45086,0.83138,-0.2112,0.11765,0.66506,-0.45956,1.0844,-1.2695,-0.12505
0.62883,-0.55891,0.63628,-0.41706,0.082949,1.0229,0.2041,1.0983,-0.65837,-0.15019
0.88798,-0.2386,0.60493,-0.30356,0.35581,0.96185,0.22838,0.94288,-1.1545,-0.45382
0.13041,-0.3238,0.57664,-0.57272,0.81587,1.291,-0.11774,0.92873,-0.86181,-0.6806
0.54499,-0.43266,0.63358,-0.4488,-0.010127,0.39059,-0.21642,1.1333,-0.81508,-0.099471
0.594,-0.27844,0.60282,0.14917,-0.49164,0.71796,-0.34868,1.1611,-0.72527,0.024875
0.062657,-0.19289,-0.16177,-0.3916,-0.47445,1.2172,0.15962,1.2568,-1.3742,0.0039859
0.94786,-0.17173,0.2566,0.21483,-0.60152,0.74037,-0.26001,0.82408,-0.43161,-0.26362
0.40312,0.17037,0.1972,0.47164,0.082329,1.5062,-1.0352,0.96371,-1.0241,-0.69596
0.39372,-0.2971,0.89003,0.0053053,-0.10915,1.1724,-0.41202,0.69525,-1.0828,-0.50111
3.0674,0.61838,-0.040757,0.03753,1.1787,0.59357,0.11288,0.60504,-0.49415,-0.70167
0.70059,-0.4568,0.68676,-0.23046,-0.75569,0.78592,-0.1153,0.8228,-0.69174,-0.19244
0.58553,-0.53615,0.41198,0.0040714,-0.24052,0.71619,0.066202,0.79512,-0.56429,-0.76394
0.18909,-0.64223,0.69692,-0.25953,0.45239,1.2315,-0.10116,0.51101,-1.0396,-0.078608
1.1299,-0.49241,0.92591,1.2392,0.82981,0.78555,0.073391,0.51572,-0.71715,-0.66863
1.1445,-0.30766,0.3172,0.46945,0.12822,1.0173,0.41083,0.82093,-1.1418,-0.18317
0.47031,-0.51795,0.57881,0.11228,0.48952,0.98014,-0.48512,0.95531,-1.0425,-0.17808
0.59184,-0.98015,0.47188,0.1533,0.35454,0.85928,0.0008484,1.3206,-0.72254,-0.57299
0.68072,-0.82048,0.024272,-0.38751,-0.075961,1.1262,0.14004,1.0727,-0.94722,-0.17679
0.15869,-0.62798,0.26188,-0.4166,-0.14523,1.0108,-0.018888,1.1438,-0.72478,0.16104
0.26769,-0.37694,0.8165,0.30665,0.44484,0.99023,-0.061166,1.188,-0.73599,-0.26701
-0.01701,-0.41461,0.13159,-1.2256,0.71109,1.575,0.62461,0.6219,-0.55885,-0.42456
-0.10908,0.29669,0.42337,-0.96447,0.11263,0.95984,-0.34983,1.0224,-1.269,-0.19645
0.62102,-0.47169,0.69236,0.2516,0.23377,0.24989,-0.35172,0.67031,-1.2622,0.07084
1.0586,-0.49253,0.07738,-0.3046,0.58707,1.1059,0.15903,1.1541,-1.0243,-0.32332
0.76177,-0.43109,0.66083,0.022262,0.2105,0.4479,0.15534,1.1798,-0.93677,-0.54186
0.92626,-0.68003,0.55588,-0.31248,-0.69346,0.65539,-0.43635,1.2301,-0.62154,-0.22565
0.22439,-0.39369,0.82701,0.024519,0.19813,0.15977,-0.11597,1.1147,-1.0356,-0.18781
0.63514,-0.31888,0.82059,0.27229,-0.18318,0.88633,-0.39547,1.1798,-1.0217,-0.36208
1.0958,-0.56847,0.56102,0.032476,0.121,0.62652,-0.18005,1.1415,-0.78461,-0.32624
0.46743,-0.87025,0.67159,-0.86457,0.0060543,1.1979,-0.44157,0.69124,-1.1289,0.41202
0.081547,-0.88733,0.54278,-0.6547,-0.24406,0.8631,-0.026209,1.5931,-1.1904,-0.52041
0.35415,-0.61147,0.14362,-0.093129,0.1986,1.489,-0.079308,1.2529,-1.0145,-0.74414
0.72849,-0.57343,0.10915,0.38561,-0.073119,0.054649,0.040448,1.3223,-0.45125,-0.13044
0.72429,-1.0218,0.47531,-0.51625,1.0612,0.64023,0.063766,0.69454,-0.84315,-0.26429
0.57084,-0.34588,0.35347,-0.72398,0.3241,0.92451,-0.16929,0.77565,-0.98987,0.13713
0.1709,-0.40444,0.76319,0.035216,0.6409,0.95669,0.1163,0.86211,-1.2292,0.11878
0.78739,-0.63795,0.24934,0.55678,0.4915,0.73191,0.33388,1.2872,-0.66653,-0.63243
0.72122,-0.1651,0.79605,0.14374,0.063144,0.32455,-0.50697,1.1131,-0.87738,-0.29043
0.78697,-0.14937,0.41795,-0.39649,-0.07521,0.85619,-0.68901,1.3059,-1.0759,-0.61433
0.89334,-0.53922,0.39392,-0.58735,0.4258,0.44397,0.28472,0.72035,-0.99644,0.92175
0.53444,-0.57991,0.75297,-0.61575,0.9458,0.65184,-0.087188,1.4039,-0.6299,-0.26746
0.67083,-0.38806,0.59719,0.044489,0.47338,0.95341,0.0066232,1.0694,-0.78851,0.050307
0.13963,-0.53791,0.086581,-0.40689,0.25896,0.83974,0.46539,0.96057,-1.2349,-0.23065
0.90447,-0.16503,0.26228,-0.41588,0.0084054,0.93839,0.56981,1.4565,-0.63461,-1.3905
0.11202,-0.7019,0.35295,-0.76943,1.0566,0.6588,0.24541,0.78226,-1.23,-0.24207
0.75955,-0.52151,0.50821,-0.068348,-0.25656,0.71701,-0.080896,1.157,-0.60363,0.047922
0.41255,-0.50393,0.94614,-0.6379,0.85885,0.72722,-0.12038,0.65255,-1.4403,-0.64015
-0.055883,-0.98277,0.84786,-0.51825,0.6783,0.90994,0.4073,1.3502,-0.27535,-0.091457
0.052581,-0.83481,0.51306,-0.35623,0.72619,1.074,-0.3025,0.48847,-1.0996,-0.40166
0.56273,-0.41942,0.64341,-0.14712,-0.02238,0.722,0.73688,1.1085,-0.7579,-0.32943
0.42709,-0.33485,0.21254,-0.50493,0.4738,1.6494,-0.025857,0.98613,-0.84421,-0.25038
0.6425,-0.76849,0.47806,-0.027107,0.022698,0.94127,0.33423,0.83252,-0.812,-0.3411
0.65463,-0.61362,0.31602,-0.14857,0.14886,0.46744,-0.083062,1.0876,-1.0324,-0.60885
0.37346,-0.57836,0.47563,0.41781,0.60324,0.814,0.59287,0.74926,-0.9946,-0.43401
0.861,-0.26707,0.40339,1.1075,0.77107,0.51497,-0.22376,1.107,-0.74902,-1.084
0.83444,-0.48858,-0.091813,0.14831,0.52492,1.2129,0.11482,1.1865,-0.9441,-0.16158
0.3316,-0.60302,0.48205,0.0041252,0.68159,1.1744,0.2876,1.0619,-0.55931,-0.30774
0.41359,-0.32142,0.36942,-0.11364,-0.054232,1.3378,-0.045392,0.65003,-1.0369,-0.10736
0.80608,-0.25017,0.72245,0.81658,0.6216,1.1336,-0.14664,0.7936,-1.1156,-1.0483
0.79232,0.27367,-0.037263,0.14406,-0.1575,1.6706,-0.30593,1.0068,-0.66097,-0.23913
0.79711,-0.1768,0.50508,-0.28201,-0.16862,0.81424,-0.36454,1.3325,-1.4429,-0.05287
0.24249,-6.757e-05,0.43875,0.20583,0.85191,1.5475,0.40018,1.4256,-0.8618,-0.40865
0.22356,-0.33095,0.38589,0.40968,0.0018218,0.57757,-0.30555,1.8418,-0.90142,0.309
0.38034,-0.68826,0.42269,-0.38501,0.27711,1.1037,0.18189,0.92428,-1.1011,-0.40069
1.0159,-0.17722,0.44475,0.19671,0.037177,1.0002,0.11656,0.9871,-0.38134,-0.026259
0.3459,-0.67962,0.41908,-0.81079,0.84525,1.2787,0.14661,1.4324,-0.59639,-0.24817
0.98587,-0.55128,0.094455,0.39308,0.71479,0.97624,0.057938,0.60137,-1.4031,0.23666
0.47964,-0.66603,0.99061,-0.053107,-0.31724,1.3634,0.072026,1.3031,-0.48883,0.15123
0.094421,-1.147,0.5144,0.28841,-0.046251,1.0197,-0.13135,0.73258,-1.3347,-0.58051
0.48637,-0.70221,0.11165,-0.14845,0.36776,0.89974,0.68192,1.4706,-0.46822,-0.19432
0.57364,-0.62803,1.2748,-0.21688,-0.10226,0.49892,-0.47193,0.42078,-1.5134,-0.55752
0.75016,-0.62627,0.086502,0.42712,-0.13347,0.8468,-0.45822,1.2446,-0.13375,0.69984
1.0102,-0.52832,0.53855,0.28315,-0.3342,0.50768,-0.077897,0.72509,-0.75046,-0.39622
0.32094,-0.32206,0.24176,0.13717,0.17657,0.90086,0.06578,0.78969,-0.87293,-0.32446
0.92538,-0.3916,0.62486,-0.32667,0.071471,0.71772,-0.05679,0.76764,-0.96088,0.067421
0.57495,-1.341,0.6313,-0.056402,0.249,0.28325,-0.057874,0.73796,-0.48553,0.0060181
0.66319,-0.39661,0.44415,-0.31399,0.10513,0.39747,0.10101,0.99137,-0.82752,0.283
0.63216,-0.19824,0.4224,0.14329,0.54318,1.0751,0.38077,1.1188,-0.73413,-0.29248
0.23359,-0.41276,0.47732,-0.6655,-0.042326,0.959,0.14288,0.88102,-0.41821,0.43007
0.77457,-0.49781,0.34208,-0.58038,0.42093,1.2648,0.070065,0.82806,-0.70129,-0.12219
0.80787,-0.17741,1.0517,0.77558,-0.2533,0.85387,-0.55494,1.2067,-0.5578,-0.21245
0.95289,-0.066994,0.19808,0.19308,0.12095,0.55562,-0.095011,1.22,-0.64675,-1.1307
0.72247,-0.3415,0.27928,-0.078933,-0.32219,0.55526,0.11692,0.93921,-0.84663,0.26737
0.7821,-0.59374,-0.21938,0.0096054,-0.74704,0.84045,0.38285,1.0246,-0.81347,-0.025528
0.8113,-0.43605,0.59837,0.21957,0.25771,0.89508,-0.4211,1.0819,-0.95865,-1.0901
-0.10718,-0.68225,0.51217,-0.16146,0.72587,0.85452,0.062933,0.78078,-0.99014,0.20036
-0.15521,-1.4845,0.67382,-1.0064,0.52115,0.71136,-0.4691,1.0226,-0.82274,-0.54653
0.12243,-0.63894,0.73123,-0.032036,0.16392,0.90821,0.057493,0.90371,-0.80568,-0.46696
0.54959,-0.948,0.47268,-0.046348,-0.079635,0.9381,-0.40631,1.0133,-1.2744,-0.61447
0.53034,-0.66037,0.77509,-0.56426,0.37626,1.3433,-0.56105,1.1444,-1.1576,-0.25943
0.77392,-0.46589,-0.22371,0.026583,0.25549,1.687,0.14431,0.89974,-1.3089,-0.96377
1.1244,-0.4594,-0.0026677,-0.12542,0.20982,0.51471,0.1643,1.0761,-0.77312,0.04988
0.51082,-0.76996,0.42662,0.1154,0.74959,0.85577,0.54416,1.1693,-0.62048,0.60128
0.51738,-0.71002,0.089029,-0.57781,0.1495,1.4119,0.10399,1.6447,-0.13557,-0.65276
-0.016353,-0.18461,0.52453,-0.81516,0.75823,1.0473,0.6184,1.0519,-0.84567,-0.10897
-0.039134,-0.48516,0.70275,-0.21985,0.085334,0.94601,-0.4552,0.60888,-0.98717,-0.57264
1.3697,-0.80927,0.76973,1.1278,0.87663,0.59065,-0.52682,1.0062,-0.14786,-0.18037
0.43097,-0.1711,0.17026,0.13012,-0.11829,1.753,-0.40828,0.74818,-0.84214,-0.7266
0.69165,0.43477,0.81585,1.2934,-0.025363,1.1216,-0.86726,0.74826,-1.1512,-0.29147
1.1024,-0.15938,0.73789,-0.61868,0.64807,0.85632,-0.30531,1.0419,-0.67301,-0.48325
0.33064,-0.50876,-0.034608,-0.30279,0.21745,0.91956,0.41235,0.58401,-0.68682,0.41015
1.1413,0.19725,1.2713,-0.046,0.28863,0.97034,-0.42077,1.6025,-0.42958,-0.94238
0.57113,-0.58163,0.33453,-0.15145,-0.21198,0.76059,0.57772,1.2731,-0.84633,0.13572
0.1085,-0.58122,0.56443,-0.54796,0.46011,0.99279,0.33574,0.80612,-0.71325,-0.35391
0.51257,-0.16379,0.31824,0.080511,0.070996,0.67212,-0.022685,0.95403,-1.0078,0.073625
1.2764,-0.70043,0.59296,0.54523,-0.023517,0.5962,-0.31038,0.7552,-0.31685,-0.22475
0.53668,-0.63055,0.6599,-0.24328,0.13753,0.98291,-0.028776,1.0839,-0.68384,-0.275
0.60937,-0.67062,0.12322,-0.51977,0.55423,0.93936,0.4252,1.0973,-0.98346,-0.15303
0.74517,-0.53826,0.99066,0.33153,-0.32054,1.1884,-1.0075,0.8614,-0.85449,-1.0644
0.48799,-0.71028,0.63975,0.089654,0.44345,1.046,0.13812,0.88282,-1.1221,-0.64581
0.54318,-0.63231,0.36558,-0.36706,0.037132,0.74243,0.034082,1.1757,-0.98013,-0.44647
0.62931,-0.46072,0.30163,-0.19289,-0.15811,1.0041,0.41494,0.98408,-0.61891,-0.14738
1.8381,-0.14211,-0.39552,0.25254,0.18802,-0.063116,-0.90475,0.94548,-1.1119,-1.0513
0.45831,-0.61495,0.764,-0.49097,0.2717,0.73932,0.09908,1.2423,-0.67341,0.20203
0.52737,-0.0098915,0.83701,0.18545,-0.31277,0.82089,-0.50916,1.412,-0.52246,-0.34777
0.65771,-0.74565,0.61001,0.37323,0.48681,1.0305,0.51542,1.173,-0.47867,-0.51136
0.088412,-0.79728,1.0838,0.22485,-0.010293,0.9397,-0.59722,0.68818,-1.6155,-0.12308
-0.010102,-0.59465,-0.03951,-0.14455,-0.43431,0.69979,0.034326,1.2398,-1.1877,-0.22275
0.63133,0.046591,-0.1712,-0.081881,-0.19753,1.0451,0.41152,1.3937,-0.85455,0.060646
0.32038,-0.52133,0.38093,0.018561,0.67598,1.458,-0.20614,0.56421,-1.2272,0.42315
0.34422,-0.56804,0.46309,-0.28169,-0.31231,0.69831,0.40467,0.92321,-0.47745,0.14082
0.67265,-0.5356,0.64543,-0.60153,-0.19273,0.61622,-0.11865,1.0915,-0.99538,0.020078
0.63104,-0.48302,0.11526,0.018547,0.98565,1.4008,0.59066,0.88234,-1.1285,0.37583
1.5126,-0.26172,0.30048,0.55638,0.75491,0.87486,0.15414,1.0959,-0.675,-1.4808
0.45903,-0.33088,0.27929,-0.4183,-0.21743,0.5214,0.46991,0.92039,-0.76162,-0.79142
0.061224,-0.83786,0.98505,-0.52241,0.6366,0.75301,0.073924,0.8981,-0.85835,-0.55582
0.38267,-0.33513,0.4287,-0.40377,-0.243,0.70893,0.3053,0.85903,-0.48123,-0.074887
-0.009107,-0.51785,0.66343,-0.26462,0.77014,0.76539,0.3327,1.1687,-0.45988,-0.46255
0.563,-0.90832,0.78606,-0.41796,0.2573,1.2852,0.35681,0.73702,-0.90886,-0.84926
0.68357,-0.38201,0.36488,-0.17095,0.93754,1.1923,0.009522,1.1809,-0.86542,-0.56516
1.4349,-0.27094,-0.049313,-0.17085,0.085644,-0.063682,-0.97199,1.3737,-1.0056,-1.1417
0.27381,-0.71213,1.011,-0.83073,0.10372,0.86874,-0.16741,1.3987,-0.55819,-0.55582
0.34464,-0.51864,0.29022,-0.21205,-0.5486,0.28943,0.46868,0.87285,-0.79061,0.064166
0.74738,-0.20628,0.36963,-0.01042,-0.060772,0.58699,-0.32979,1.3197,-0.97417,-0.52218
0.44168,-0.48646,0.506,0.17194,-0.049627,0.22677,0.27449,1.1034,-0.72575,0.083045
0.67638,-0.41068,-0.19823,0.62868,-0.39292,0.70133,-0.40935,1.5171,-1.2922,-0.25908
0.84534,-0.56614,0.3431,0.054946,0.28409,1.1979,-0.22756,1.0505,-0.7075,0.058128
0.73479,-0.20401,0.18675,0.8857,-0.35327,0.3143,-0.74064,1.4857,-0.39922,-0.37077
0.35058,0.11563,0.64009,-0.009258,0.77326,1.7069,1.2163,0.61132,-0.67042,-0.56784
1.1315,-0.82544,0.44484,0.80772,0.80234,0.27618,-0.12096,0.52309,-1.2038,-0.37005
0.84241,-0.64324,0.20765,0.29583,-0.049956,0.96661,0.09299,1.291,-0.77236,0.068148
0.67892,-0.32797,0.11666,0.60318,-0.75142,0.76876,0.019483,1.2057,-0.80618,-0.3933
0.28285,-0.60664,0.20298,0.0067627,0.069724,0.57153,-0.0036627,1.0591,-0.98622,0.098692
0.14337,-0.52996,0.18399,0.37005,0.34681,0.66658,0.0035678,1.2075,-0.73456,-0.23112
0.73232,-0.56501,0.45721,-0.080882,-0.32748,1.2447,-0.18797,1.2246,-0.91407,0.081328
0.63216,0.06417,-0.88592,-0.064762,-0.15397,1.141,0.98511,1.3956,-2.041,-0.048025
0.92212,-0.19361,0.69008,0.5396,0.61046,0.40958,0.29332,1.1264,-0.7244,0.12869
0.2989,-0.23278,0.38114,-0.84437,0.15614,0.77869,-0.23306,1.3754,-0.9761,-0.44316
0.36383,-0.69092,0.90877,-0.62081,0.32819,0.71531,-0.024779,0.85874,-0.93449,-0.17895
1.0355,-0.50538,0.46617,0.5403,0.69131,0.55892,-0.3808,1.1003,-0.98608,-0.31674
1.1555,0.38081,0.53795,-0.19189,-0.29611,-0.24933,0.1131,0.83043,-1.3088,0.18365
0.26458,0.073111,-0.44406,-0.54706,0.092306,0.90768,0.12553,1.4554,-1.8936,-0.30745
1.1142,0.08491,0.54906,0.25741,0.24474,-0.19055,-0.052931,0.8221,-0.4202,-0.10898
0.62121,-0.15787,0.57766,0.362,0.53662,0.51824,0.056359,1.0989,-1.0879,-0.046385
0.57244,-0.14812,0.55111,0.13567,0.51927,1.3146,0.54209,0.59757,-0.8699,-0.71564
0.33888,-0.11951,0.28377,-0.38307,0.51519,1.5011,0.26581,1.5121,-0.36349,-0.22718
0.71393,-0.4344,0.491,-0.10257,0.1735,1.0372,0.46889,1.2961,-0.54197,-0.22322
0.51146,-0.39595,-0.03924,1.1028,0.039874,1.4051,0.3177,0.98301,-0.72979,-1.2965
0.85472,-0.20122,0.21049,-0.49247,1.0138,0.72444,0.0084856,1.0855,-1.1535,0.17134
0.9527,-0.1522,0.049236,0.054151,0.37532,0.99083,0.03683,1.021,-1.2386,-0.66061
0.38798,-0.2651,1.047,-0.3312,0.81096,1.731,0.1393,1.1588,-0.099365,0.011244
0.83283,-0.51621,0.61357,0.063146,-0.22095,0.31731,-0.23336,0.78174,-1.1099,-0.21569
0.49984,-0.48513,0.24696,-0.094527,-0.23414,0.71257,0.035434,1.2803,-0.54713,0.19433
0.44562,-0.5971,0.25904,-0.4872,0.26025,0.97799,0.10643,0.87768,-1.1174,-0.28728
0.64337,-0.68811,-0.10133,0.23146,0.66379,1.0996,0.63896,1.1954,-0.56455,-0.99813
0.36368,-0.49381,0.59291,-0.27369,0.66097,0.26777,0.32581,0.92336,-1.0616,-0.3825
0.52237,-0.50106,0.6042,0.015326,0.15315,0.89132,0.10865,1.521,-0.65308,0.055781
0.8876,-0.45314,0.51592,-0.21946,0.25915,1.0672,0.71557,0.76388,-0.60303,-0.86821
0.24542,-0.64246,0.55718,1.1964,0.52001,0.53886,-0.0076856,1.792,-0.30968,-0.093558
0.128,-0.48903,0.57317,-0.076593,0.90677,0.76076,0.02352,0.93802,-1.0421,0.066474
0.33524,-0.99306,-0.19407,-0.70095,0.1279,0.74159,0.29709,0.81777,-1.0518,0.013185
0.49497,0.18569,0.7918,0.47803,0.20283,1.2948,-0.54505,1.7169,-0.80727,-0.53742
0.031501,0.10718,1.4378,-0.53424,0.22002,1.1792,0.15224,1.3617,0.021467,-0.43488
0.24758,-0.32936,0.26414,0.59571,0.19749,0.56865,0.017783,0.52009,-1.0236,-0.0073046
0.86396,-0.02127,0.31938,-0.28937,0.41333,0.81223,-0.58141,1.1474,-0.77369,-0.044712
-0.37488,-0.057673,0.19682,-0.26876,0.30073,1.3588,0.6704,1.2672,-0.91037,0.089977
0.83876,-0.30134,0.23889,-0.00017354,-0.11221,0.64865,-0.024048,0.62426,-0.59325,0.10682
0.59044,-0.21938,0.95042,-0.3761,-0.13121,-0.19696,0.45341,0.75807,-1.072,0.8075
0.66272,0.16743,0.42354,0.27992,0.4662,0.95925,0.42364,1.2295,-0.65233,-0.72154
0.61889,-0.36434,0.25256,0.67814,1.0225,0.67223,0.5651,1.0447,-0.74284,-0.85888
0.23136,-0.20773,0.71182,-0.048194,1.0039,1.0777,0.003862,0.95599,-0.65767,-0.3498
0.67962,-0.74144,0.61935,0.08135,0.30949,1.1148,0.32302,1.2579,-0.74305,-0.33033
0.43364,-0.43921,0.43805,0.46997,0.10104,0.92469,0.13036,1.1618,-0.33624,-0.48668
0.89134,-0.99059,-0.25346,0.21797,0.32605,0.83752,0.043798,1.3237,-0.38191,0.027789
0.72168,-0.50574,0.5116,-0.2604,0.52977,1.0217,-0.11292,1.1284,-1.0893,-1.093
0.3772,-0.12745,0.54438,-0.54976,0.71388,1.3007,0.065092,0.83839,-0.98998,-0.5851
0.35231,-0.55416,0.63442,0.30911,0.65587,1.0852,-0.067079,0.95079,-0.79179,-0.28613
0.48711,-0.74713,0.65826,-0.73568,0.3343,0.2609,0.17494,1.0197,-1.4493,-0.60861
0.74112,-0.55261,0.37577,-0.06686,-0.38174,0.59515,-0.12774,0.8463,-0.86308,-0.67724
0.22656,-0.69427,0.29494,-0.30859,0.5649,0.64463,-0.025274,1.0425,-1.0722,-0.34639
0.35744,-0.57076,0.16144,-0.60537,0.556,1.3438,0.067158,0.61878,-1.3452,0.15457
0.83211,-0.22733,0.40386,-0.27464,-0.36466,0.70245,0.20432,1.0137,-0.8761,0.29318
0.13168,-0.83926,0.72769,-0.38857,-0.46977,1.1363,-0.4263,1.2322,-0.77913,-0.72734
0.4338,-0.70193,0.50983,0.24944,-0.47944,0.27662,0.34045,0.835,-1.8034,-0.36204
1.0515,0.072489,0.80142,0.89429,0.26339,0.82069,0.019087,0.42675,-0.91389,-0.29259
1.0687,-0.15752,0.14902,1.2149,0.53485,0.39136,-0.027141,1.3025,-0.4707,-0.30195
0.4463,-0.70488,0.83609,0.22183,0.6973,0.88117,0.35571,1.1326,-0.81348,-0.34178
0.59769,-0.6335,0.32249,-0.20626,-0.11283,0.7096,-0.098266,0.97834,-1.2841,0.49116
0.47955,-0.46011,0.3732,-0.46004,0.74933,1.0548,0.4644,1.0819,-0.71208,-0.43845
1.3497,0.057679,0.21102,-0.20212,-0.24237,0.34327,0.57317,0.96487,-0.45035,0.057909
0.62261,0.39645,0.17299,-0.51851,-0.46333,1.3958,0.48034,0.33629,-0.61089,0.13277
1.5341,-0.37243,-0.18594,0.50132,0.37515,0.88247,0.27333,1.3857,-0.54962,-0.37385
0.88914,-0.37404,-0.092181,0.34849,-0.19757,0.54578,-0.24476,1.2759,-0.68421,-0.33089
0.14249,-1.0815,0.3055,-0.023231,0.36484,1.5253,0.1166,0.89061,-0.62958,-0.32057
0.70726,-0.2094,0.22771,0.028502,0.096388,1.2903,0.44363,1.6957,-0.59282,-0.83461
-0.014567,-0.33943,0.43179,0.46621,0.96614,1.2913,0.65852,1.0647,-0.37312,-0.085032
0.14819,-0.63613,0.69347,-0.20348,0.66857,1.2751,0.54574,0.9152,-0.79901,-0.33522
0.36114,-0.31439,-0.15895,0.41877,-0.53324,1.141,0.666,1.7701,-0.48824,-0.13687
0.16321,-0.8492,0.51342,0.14968,0.36879,1.2032,0.10878,1.0777,-0.68811,-0.16882
0.90404,-0.33831,0.18019,-0.067868,-0.37576,0.63678,-0.18967,1.0926,-0.68175,-0.27891
-0.37207,-0.019546,0.36562,-1.2433,1.748,1.0901,0.020367,1.2908,-1.0043,-0.22479
0.838,-0.17987,0.23797,-0.58308,-0.21761,0.68115,0.16235,1.0259,-1.0372,0.4273
0.62853,-0.48484,0.42682,-0.16751,-0.23082,0.48307,0.39947,0.81972,-1.0352,0.01539
1.2088,-0.36763,0.067209,-0.094317,-0.056828,1.0676,-0.039928,1.6342,-0.44618,-0.13325
0.5048,-0.66647,0.086558,-0.18769,0.5645,1.1911,0.27941,1.2649,-0.32184,-0.45226
1.1223,-0.34814,0.064326,-1.2618,1.0056,0.87321,-0.18431,1.1457,-0.82548,-0.53896
1.2338,-0.040166,-0.00369,0.22054,0.18161,0.68783,-0.44795,0.64923,-1.0501,-0.46185
0.29264,-0.14905,0.49219,-0.90283,0.95332,0.82401,-0.61119,1.2615,-1.0107,0.82651
0.77035,-0.42564,0.51842,0.1111,0.55428,0.77779,0.30859,1.0293,-0.87079,-0.10286
0.39737,-0.48255,0.96255,-0.82749,0.011843,0.52425,-0.50082,0.71,-1.1013,0.24709
0.53776,-0.45263,0.37109,-0.7361,0.32777,1.2847,0.07229,1.0895,-1.2353,-0.47127
0.28312,-0.13395,0.14027,-0.24902,0.82806,1.0294,-0.24611,1.7666,-0.83144,-0.91239
0.79538,-0.62627,0.88695,-0.21911,0.60025,0.68242,-0.020529,1.1191,-0.6788,-0.54595
0.81327,-0.60193,0.74854,-0.60117,0.12785,0.94197,0.10242,1.1272,-0.83665,-0.11966
0.63601,-0.22716,0.34051,0.56705,0.75651,0.98615,-0.02617,1.3251,-0.98164,-0.012978
0.51902,-0.53643,0.38203,1.3736,0.28043,0.65177,0.28225,1.0976,-0.6361,-0.39414
0.46856,-0.34387,1.3123,-0.8911,-0.39155,0.21599,-0.087042,1.0645,-0.5054,-0.073314
1.2565,-0.055024,0.26277,0.10893,0.50628,1.4837,-0.38,1.0003,-0.94077,-1.1618
0.41652,-0.77098,0.2886,-0.49302,0.36618,1.3607,-0.0031044,1.2658,-0.59001,-0.16742
1.0976,-0.4211,0.16134,0.65254,-0.57608,0.89287,0.3352,0.74665,-0.61371,-0.095745
0.46383,-0.47638,0.63197,-0.18157,0.27751,1.0568,0.035514,0.91211,-1.1206,-0.52313
0.36214,-0.46787,0.60645,0.44717,-0.8295,1.2951,-0.28317,1.5881,-0.015803,-0.35242
0.86427,-0.041217,0.34852,-0.14091,-0.69825,1.0744,-0.49237,1.3442,-0.74922,-0.82913
0.71907,0.083486,-0.10912,-0.2184,0.32626,1.1906,0.12648,1.1801,-0.72477,-0.2573
0.50011,-0.48191,0.20728,0.34357,1.1024,0.84837,0.36552,1.2776,-0.98021,-0.17178
0.76039,-0.65523,1.1798,-0.42867,0.83067,1.1904,-0.21994,0.92015,-0.79281,0.010664
0.87003,-0.32442,0.77911,0.0019415,-0.89267,0.33461,0.054925,0.87052,-1.0848,-0.74238
0.57368,-0.62333,0.43917,-0.45642,0.37885,0.53598,0.30828,0.98233,-0.42879,0.2281
0.39532,-0.83545,0.61776,-0.48037,0.40993,1.1596,-0.25471,1.163,-1.0292,-0.56362
0.11215,-0.66171,0.65579,-0.38097,0.33658,1.0802,0.0083037,1.0075,-0.82624,0.11286
-0.41087,-0.85798,0.41911,-1.3164,0.85159,1.268,0.65068,1.1328,-0.029761,-0.35309
0.56194,0.44738,0.1576,-0.62055,0.80952,1.3546,-0.34678,1.1954,-1.8208,-0.99548
0.15799,-0.50727,0.57088,0.33884,0.49758,0.7999,0.871,0.97216,-1.264,-0.15133
0.34661,-0.82336,0.79688,-0.37231,0.44116,0.7332,0.26964,0.95187,-1.183,-0.40993
0.46381,-0.58074,0.42882,-0.33754,-0.21687,0.93732,0.10794,1.035,-0.44125,-0.12352
0.90626,-0.73995,0.40545,-0.17354,0.41006,0.83096,0.27002,1.1582,-1.2096,-0.060092
0.4809,-0.24197,0.64018,0.37456,0.062936,0.80749,-0.26868,1.0189,-0.60224,-0.30345
0.58758,-0.56984,1.1395,-0.48783,0.53566,0.95963,-0.14309,1.0961,-0.9027,-0.0095524
0.89837,-0.40961,0.49233,-0.50958,-0.095061,0.67477,0.44342,0.86947,-0.96092,-0.57717
0.98462,-0.28012,0.6171,-0.30825,0.39854,0.98064,0.051121,1.1246,-0.70986,-0.10227
0.38,-0.41244,0.50411,-0.073089,0.5451,2.6033,-1.7027,-0.69393,-0.74202,-1.934
0.76426,0.7488,0.050556,-0.56657,0.40768,1.9444,0.036243,0.99503,-1.1213,-0.61367
0.73386,0.076402,0.0097162,0.0079027,-0.74294,0.88037,-0.155,0.82078,-0.94956,0.30273
0.5653,-0.66423,0.58787,-0.23651,-0.021274,0.80606,-0.26476,0.91155,-0.71738,0.49933
0.78186,-0.89478,0.74382,-0.11772,0.46832,1.2152,-0.2239,1.0174,-0.65886,-0.78091
0.32292,-0.43896,0.23082,-0.28232,-0.15421,0.91868,-0.18308,1.2167,-0.84416,-0.0042894
0.73467,-0.27299,1.0403,-0.41984,-0.0097131,0.80064,-0.36108,0.84617,-0.8779,0.011871
0.348,0.69213,-0.18986,0.10231,0.18659,1.7784,-0.53564,1.6842,-1.2964,0.62136
0.50542,-0.60155,1.1047,-0.14777,-0.1023,1.3005,-0.065833,0.75591,-1.1457,-0.41161
0.34584,-0.12715,0.44471,-0.37416,0.0056741,0.017554,0.50186,1.9055,-0.95335,-0.40351
0.66767,-0.46228,0.5081,0.17392,-0.31187,0.69448,-0.54532,0.50308,-0.7881,-0.42339
1.0142,0.055954,0.4383,0.89226,0.45815,0.65589,-0.22682,0.92391,-0.85943,0.1205
0.63839,-0.7707,0.83844,-0.47984,0.24062,1.1936,-0.039617,1.1533,-0.82773,-0.81536
0.39979,-0.48555,0.8701,-0.31456,0.50278,1.1557,0.08633,1.1207,-0.97344,-0.57877
0.054763,-0.54772,0.78768,-0.388,0.99813,0.63174,0.37702,1.0555,-0.80215,-0.091323
0.88203,-0.29519,0.9561,-0.45864,0.26425,0.72032,-0.40207,1.1673,-0.83985,-0.10437
0.94627,-0.65222,-0.18093,-0.034176,0.11358,1.8696,0.073564,1.1619,-0.89889,-0.81607
-0.047658,-0.79928,0.10974,0.36025,0.65442,0.97051,0.70944,1.397,-1.4394,-0.10314
0.86971,-0.55732,0.26718,-0.64066,0.24643,0.85936,0.35504,1.0308,-0.83623,0.11769
0.71611,-0.39918,0.79221,0.35434,0.5439,0.83407,0.21988,1.1875,-0.71033,-0.60614
0.42461,-0.37778,0.063701,-0.51926,0.70809,1.0593,-0.14325,1.1699,-0.86834,-0.56252
0.63882,0.16716,0.63457,-0.19942,-0.51398,1.0282,0.094787,0.91712,-1.1555,-0.9365
0.7946,-0.43827,1.0857,0.24754,0.083811,1.0544,-0.59347,0.83266,-0.65387,-0.43175
0.29573,-0.0050717,0.042591,-0.20536,-0.017426,0.71338,-0.53559,0.80397,-0.66661,0.19674
0.52149,-0.70953,1.3525,-0.613,0.66485,0.71785,0.5054,1.22,-0.68253,-0.1136
0.93321,-0.12715,0.5853,0.36622,0.20915,0.42054,-0.46137,1.0211,-0.83444,-0.46388
0.26789,-0.66256,-0.14265,-0.24699,0.64115,1.3463,-0.078628,1.1669,-0.60192,0.48323
0.4967,-0.52464,0.44361,-0.50073,0.1843,1.057,0.43849,0.84795,-1.034,-0.023122
0.41686,-0.71517,0.42867,0.080155,0.73524,1.3412,-0.24314,0.49427,-1.2295,0.11002
0.51686,-0.4487,0.81766,-0.57534,0.35303,1.4615,-0.31676,0.84772,-0.6255,-0.93923
0.81308,-0.5225,0.46049,0.13262,-0.47972,0.86711,-0.094841,1.0454,-0.41886,-0.24753
0.3472,-0.53063,0.2893,-0.19544,0.49387,1.1239,0.43181,1.2169,-1.0268,0.020556
0.35143,0.025621,0.42401,0.68912,0.10342,1.1233,-0.015256,1.3683,-1.1817,-0.41469
-0.22906,0.2804,0.39527,0.18506,0.63947,1.805,0.14749,1.9352,-0.57332,-0.07658
-0.21939,-0.44614,0.86048,0.43904,0.30711,1.0278,-0.055889,1.4207,-0.72474,-0.62997
0.91194,0.68286,1.262,0.9964,-0.068067,0.64559,-0.57586,2.0236,-0.079026,-1.1298
0.63572,-0.80171,0.42064,-0.73977,0.41152,1.1772,0.31621,0.85721,-0.8047,-0.23472
0.56839,-0.27115,-0.87154,-0.18162,0.31468,1.2255,1.2865,0.6525,-1.2424,-0.26736
0.38813,-0.27895,0.48272,0.22984,-0.34321,0.7107,-0.26408,1.0486,-1.1601,0.17109
0.90038,0.39015,0.28113,-0.089074,0.54628,0.719,0.26027,1.663,-0.88735,-0.52724
0.68825,-0.36961,0.23198,0.1267,-0.28098,0.78481,-0.23354,0.9479,-0.95469,-0.22214
0.65552,-0.22869,0.63284,-0.030691,0.13078,0.82106,-0.75231,0.81891,-1.4719,-0.88654
0.37831,-0.29372,0.58826,0.0033698,0.59782,1.4535,0.37693,0.83031,-0.49463,-0.18598
0.19173,-0.85517,0.6217,-0.39072,0.56868,0.60902,0.36454,1.2332,-0.79815,-0.63732
0.44869,-0.53931,0.8944,-0.28357,0.61186,0.48365,0.18167,1.1722,-0.93229,-0.32674
1.1964,-0.23743,0.85161,-0.45877,-0.36063,1.0925,-0.074538,0.88025,-1.2152,-0.43522
-0.59047,-1.0849,0.20673,0.025148,0.81725,1.3114,0.5943,0.86966,-0.75605,-0.1171
0.4818,-0.70628,0.50708,0.97806,0.97669,0.94766,-0.51634,0.97369,-0.2708,-0.18766
0.3026,-0.044091,0.86218,-0.42681,0.52223,1.402,0.32503,1.0282,-0.32735,-0.43863
0.62784,-0.62161,-0.025167,0.21595,0.40144,0.61383,0.03749,1.6758,-0.68711,-0.31803
0.41794,-0.70507,0.14709,-0.17822,0.17422,0.73773,0.33874,1.1158,-0.84296,-0.052658
1.3109,-0.33762,0.23525,0.34803,0.16526,1.4005,-0.034415,1.3246,-0.82107,-0.6618
0.71383,-0.41972,-0.059532,-0.85796,-0.32333,0.96389,0.010588,1.4684,-0.66249,-0.58928
0.8622,-0.20481,1.0844,0.096249,0.0077414,1.0866,-0.55321,1.1606,-0.98799,-0.86023
1.0313,-0.68586,0.10464,0.62787,0.31186,0.66269,0.043896,1.08,-0.7383,-0.16481
0.13172,-0.57921,0.28969,-0.39721,0.4213,1.2529,0.084378,1.0484,-0.97276,-0.38736
0.17315,-0.21124,0.42263,-0.1539,-0.92504,0.84887,-0.29525,1.2388,-0.77589,-0.31429
0.72694,-0.58888,0.96536,-0.50037,0.7728,-0.35286,-0.10035,1.1518,-1.0684,-0.45645
0.80507,0.07347,0.63365,0.435,0.4107,1.104,0.14033,0.89114,-1.3819,-0.28095
-0.21353,-0.76017,-0.021789,-0.21408,0.28998,1.3304,0.52132,1.3681,-0.76113,-0.22154
0.21836,-0.55601,0.48538,-0.74051,0.77141,1.3338,0.095867,1.3216,-0.7872,-0.20805
1.4944,0.19143,0.70497,0.71154,0.62629,0.802,-0.16448,0.89889,-0.6138,-0.24972
0.45457,-0.24969,0.33479,-0.070869,-0.594,0.99404,0.44747,1.1971,-1.2372,-0.36375
0.21616,0.026178,1.5735,-0.50119,0.25736,1.8898,0.41157,0.51731,-0.51781,0.20301
0.49355,-1.1302,0.52079,-0.55169,0.44726,1.3028,0.16067,1.1974,-0.56479,-0.26377
0.13989,-0.49347,0.63895,-0.30434,0.728,1.2743,-0.048837,1.2094,-0.79221,-0.0030685
0.67228,-0.63633,0.45517,-0.34528,0.63575,0.94545,0.35635,1.0473,-0.97865,-0.26484
0.034715,-0.54919,0.85241,0.94848,0.060306,0.89073,-0.246,0.76951,-1.2424,-0.50698
0.086323,-0.53027,1.0637,0.10052,0.11035,-0.22847,-0.38524,1.1168,-1.6834,-1.0699
1.0292,-0.0032913,0.43078,0.097015,-0.13524,0.79502,-0.66882,1.4347,-0.99767,-0.57201
0.32663,-0.27442,0.11414,-0.51695,-0.10672,1.1325,0.30881,1.3732,-0.55148,-0.50528
0.36006,-0.3951,0.97949,-0.25789,0.56653,1.2236,0.4195,1.0902,-0.63109,0.082207
1.2222,-0.40017,-0.43405,0.34281,-0.41672,1.0884,-0.35607,1.3136,-0.59831,-0.42174
-0.1333,-0.2355,1.1114,0.39338,-0.066425,0.56683,0.38376,1.4524,-0.81797,-0.19119
0.78849,-0.59884,0.18391,-0.23278,-0.21032,0.23425,0.50499,1.0523,-0.87881,0.2842
0.10003,-0.70868,-0.20794,-0.26647,0.43602,1.9209,0.027245,0.97148,-0.48853,0.084903
0.86371,-0.099164,0.44519,0.017486,-0.37357,1.2732,-0.088587,1.0598,-1.0606,-0.13924
0.56746,-0.38945,0.20393,-0.0039816,-0.3405,0.10977,-0.30061,1.0331,-1.2364,0.068735
1.1953,-0.19413,0.69287,0.2407,0.17176,1.1113,-0.29015,1.0412,-1.3036,-0.46621
0.69586,-0.31,-0.31527,-0.5355,0.644,1.6771,0.46345,0.95903,-0.12724,-0.5978
0.92398,-0.59282,0.34732,-0.044024,0.14725,0.82921,-0.40069,1.0192,-0.91369,-0.034097
0.45398,-0.7401,0.2567,-0.55173,0.50955,0.95742,0.32225,1.4074,-0.56975,-0.20965
0.10341,-0.54308,0.5972,0.025897,0.69394,1.2868,0.91428,1.0588,-0.7738,0.024489
0.59582,0.2004,-0.10876,-0.17676,-0.51901,0.21445,0.035996,1.5178,-0.97103,0.28487
0.70514,-1.1126,0.21027,-0.51859,0.64848,0.77286,-0.49911,-0.15048,-1.6739,-0.31714
1.0511,-0.024957,0.60132,-0.30107,-0.30962,0.80969,0.26517,1.0119,-0.47082,-0.28412
0.29569,0.043045,0.43489,-0.54509,0.40244,0.64674,0.16468,1.3424,-1.2591,-0.10915
0.54253,-0.19682,0.86958,-0.6341,0.046663,1.5837,-0.41365,1.2883,-0.71779,-0.64433
0.73738,-0.28828,0.848,-0.42256,0.26586,1.2905,-0.75379,1.009,-1.1057,-0.29178
0.6251,-0.53528,0.24382,-0.42437,0.43679,0.75711,-0.61312,0.79765,-1.1778,-0.043724
0.76203,-0.59283,0.46594,-0.10428,0.019539,1.1014,-0.38768,1.0882,-0.8771,0.050526
0.2125,-0.13708,0.15807,0.091052,0.43529,1.0041,0.20808,1.5081,-0.83145,-0.053372
0.59929,-0.36725,0.66807,0.47263,-0.15943,0.72306,0.14479,1.2837,-1.0251,-0.34911
0.75776,0.29097,0.62601,-0.027653,-0.050323,1.2558,-0.22315,1.612,-1.0793,-0.834
1.1574,-0.085532,-0.038411,0.22111,0.73879,1.4826,-0.42863,0.49436,-1.3106,-0.091512
0.5643,-1.0183,1.103,0.92936,-0.026952,0.30442,0.64697,0.77056,-0.68713,-1.9899
0.5841,-0.34352,0.8605,0.32594,0.35936,0.62634,-0.18895,1.3966,-0.77694,-0.26257
0.62197,-0.40499,0.35487,-0.234,0.38096,0.84549,0.22522,0.86794,-1.0733,-0.0032575
0.79338,-0.1766,0.93761,0.049338,0.57223,0.79907,-0.14117,0.87049,-1.1554,-0.16172
0.61648,-0.50708,0.36467,0.051756,0.32028,1.2584,0.23433,1.371,-0.45597,-0.24615
0.64709,-0.89781,0.76195,-0.091736,0.56012,1.2466,0.48695,0.89495,-0.71726,-0.44329
0.77574,-0.77493,0.14433,-0.38156,0.58032,0.80117,0.10585,1.0652,-0.38286,0.092968
0.2934,-0.61227,1.055,-0.34136,0.66988,1.7894,0.27348,1.0768,-0.054166,0.08933
0.398,-0.21235,0.92052,-0.47627,0.15812,1.6535,0.1226,0.56306,-0.31392,-1.0556
0.42262,-0.48332,0.82758,-0.43477,0.75856,1.1413,0.47747,1.345,-0.29628,-0.50151
0.90159,-0.4583,0.17211,0.017554,-0.24298,1.0435,-0.26997,1.2426,-0.68957,-0.23654
-0.43473,-1.537,0.87281,-0.65804,0.28139,2.1195,0.49817,0.41369,0.60839,-0.76477
0.82669,-0.30643,0.35589,-0.093306,-0.21863,0.96457,-0.044141,0.90537,-1.0762,-0.26952
-0.3752,-1.0237,0.99247,-0.83696,0.84727,1.076,-0.73128,0.78816,-0.77947,0.21106
1.0918,0.084179,0.65548,0.046101,0.015527,1.0206,-0.74251,1.1139,-1.0188,-0.62685
-0.031252,-0.25844,0.83848,-0.21013,0.64637,1.6502,0.18145,1.3131,-0.41544,-0.13037
1.0443,-0.2117,0.17043,0.31628,0.22538,0.59803,0.36983,1.2847,-0.88567,-0.15569
0.41158,-0.80909,0.45572,-0.41232,0.47239,0.93628,0.59082,0.90283,-0.90415,-0.66667
0.32279,-0.89548,1.0405,0.09453,0.4281,1.2305,0.73204,1.0644,-0.60614,-0.26836
0.92245,0.2262,0.33357,0.46494,0.1162,1.1026,-0.66919,1.0468,-0.84071,-0.92126
0.77244,-0.13222,0.76103,-0.12655,0.21146,1.3421,0.022022,1.0491,-1.1425,-0.26785
0.40421,-0.89995,0.45228,0.43455,0.6252,1.1677,0.035763,1.2579,-0.64116,-0.14808
0.83783,0.10533,0.30938,0.59359,0.060924,0.8457,-0.49743,1.1666,-0.7881,-0.54094
0.32276,-1.0624,1.0784,-0.30098,0.88025,0.65053,0.2845,0.97564,-0.719,-0.24751
0.75265,-0.30801,0.62795,0.39478,0.7987,0.48719,0.45346,1.1733,-0.90806,-0.019639
0.82896,-0.10355,-0.021236,-0.068958,-0.090101,1.4743,-0.052388,0.88745,-0.56585,-0.61982
0.72603,-0.29707,0.48467,-0.22229,-0.16879,0.48368,-0.25994,1.2674,-0.67952,0.03544
0.5757,-0.1577,-0.4679,0.65359,0.40314,0.78954,0.71265,1.2859,-0.79536,-0.17191
0.82268,-0.50016,0.732,0.09956,0.49829,0.90099,0.32594,1.3138,-0.57141,-0.13202
1.1505,-0.3832,0.2919,0.32724,-0.57393,0.91135,0.074373,0.9428,-1.0892,0.20535
0.94068,-0.32622,0.76879,0.60656,-0.26311,0.76191,0.035538,0.32687,-1.1175,-0.44185
2.5312,-0.38972,2.336,-0.13262,-0.82467,-0.76097,1.417,0.17708,-0.38147,-0.075674
-0.10506,-0.34239,0.53144,-0.12197,0.46794,0.87429,-0.70342,1.9394,-0.4359,-0.52822
0.66641,-0.5218,0.7261,-0.24031,0.36431,1.1076,-0.087703,0.75861,-0.89823,-0.013756
0.53053,-0.2644,0.73161,-0.17614,-0.47615,1.1406,-0.035261,0.70241,-0.96469,0.33598
-0.25121,-0.51457,0.44366,0.015755,0.6122,1.3151,0.90672,0.78583,-1.2084,0.34287
0.89324,-0.18348,0.51939,-0.1214,-0.23794,0.62924,0.1737,0.52027,-0.87186,-0.046982
0.93778,-0.76309,0.53781,0.08381,0.5431,1.0018,-0.065491,0.83588,-0.57218,-0.082204
0.48519,-0.58588,0.66679,-0.11669,0.002862,0.66781,-0.13121,1.1218,-1.1212,-0.068534
0.73729,-0.44674,0.27482,0.11553,0.75683,1.0481,0.37123,1.3106,-0.53169,0.025381
0.4985,-0.24328,0.58019,-0.47946,0.16307,0.73729,0.098652,1.0741,-1.2472,-0.013406
0.63693,-0.7023,0.55003,0.041132,0.17517,1.0514,0.21533,0.88665,-1.1888,-0.18068
1.0351,-0.088691,0.17078,0.19117,0.94509,0.56537,0.038962,1.4362,-1.3849,-0.4499
0.99,-0.32995,0.37717,-0.25688,0.54041,0.87075,-0.13012,0.5212,-1.2657,-0.79892
1.1321,0.30572,0.56256,-0.638,-0.15195,-0.06143,0.24949,0.83526,-0.71752,0.032486
0.71785,-0.48718,0.56526,-0.028059,0.76909,0.94798,0.35039,1.1055,-0.7079,0.17381
0.42463,-0.40125,0.23091,-0.45363,0.43567,1.2809,0.37405,1.1441,-0.7658,-0.25293
0.096728,-0.69822,0.64942,0.20215,0.16532,0.46955,-0.40322,1.2164,-1.1498,-0.74639
0.68974,-0.6742,0.72029,-0.99778,0.54162,0.64035,-0.28902,1.1739,-0.52556,-0.33532
0.62079,-0.58085,0.076994,-0.44025,-0.17088,0.74843,0.44309,1.2483,-0.7986,-0.33611
0.877,-0.25226,0.10498,0.020939,-0.43885,1.2565,0.57279,1.1922,-0.12009,-0.50564
-0.50644,-0.35045,0.85425,-0.46499,-0.16079,0.75639,-0.7926,0.93897,-1.2172,-0.19421
0.13499,-0.46293,0.65825,0.28509,0.63912,1.3568,0.60266,0.97783,-0.39429,-0.28949
0.96159,0.08185,-0.18378,-0.10335,-0.69612,1.407,-0.54187,1.6361,-0.6145,-0.61596
0.87284,-0.21716,0.29239,0.032936,-0.56534,0.77322,0.023561,1.2873,-1.0246,-0.43675
0.50939,-0.86623,0.56216,-0.36606,0.35235,0.6329,0.015178,1.2252,-0.9004,-0.075828
0.44224,-0.40638,0.81907,0.26722,0.50487,1.0044,0.76826,0.62567,-1.105,-0.059967
0.92261,-0.33546,0.33031,0.30124,-0.49109,0.65299,0.0033147,0.78949,-0.70645,-0.015602
0.74528,-0.31464,0.89087,-0.074333,-0.20592,0.20368,0.19412,1.3026,-1.0534,-0.62051
0.52469,-0.83772,0.2592,-0.4034,0.6133,0.98575,0.46278,0.75773,-1.0434,0.024699
1.6164,0.70141,0.95622,0.26516,0.43427,0.40457,0.085948,0.78491,-0.63097,-1.4025
0.65403,-0.74189,0.62284,-0.55404,0.018882,1.0507,-0.57795,0.71869,-1.1169,0.0017939
0.93548,-0.4686,0.14943,-0.31817,-0.60293,0.95678,-0.31572,1.367,-1.0455,-0.87883
1.2085,-0.85727,0.56663,-0.20331,0.83921,1.3449,0.99246,0.75798,0.11287,-0.40079
0.82731,-0.16627,0.52412,0.52889,-0.20152,0.40182,-0.13172,1.4823,-1.0141,-0.40727
0.96415,-0.43429,0.48358,-0.26093,0.105,1.1558,0.36296,1.1312,-0.42068,-0.11552
0.0028271,-0.31176,-0.37889,-0.085605,0.5452,1.5756,-0.51914,1.663,-1.0011,0.40569
0.7847,-0.59025,0.62274,0.35276,0.15489,0.8611,-0.25937,0.87542,-0.51277,-0.15846
0.1953,-0.40988,0.88202,-0.41761,0.40477,0.64441,-0.2888,0.69737,-1.115,-0.62269
1.0947,-0.4986,0.49233,-0.022068,-0.20522,0.68613,-0.067661,1.0676,-0.459,0.66528
0.25056,-0.59416,0.48616,-0.030141,0.15824,0.83707,-0.10047,1.3774,-0.80762,0.043446
-0.059714,-0.30009,1.1053,-0.06148,-0.12312,0.70431,0.59084,0.54595,-0.41082,0.23829
0.2003,-0.41087,0.034054,0.10005,-0.069345,0.50967,0.0081932,1.0513,-0.91966,-0.17895
0.22131,-0.71394,0.5162,-0.13589,0.40262,0.73024,-0.4814,1.2522,-1.1032,-0.4165
-0.52523,-0.40028,0.39621,-0.38943,0.28111,1.0955,0.34897,1.3203,-0.773,-0.38828
-0.091776,-0.63627,-0.019936,-0.68924,0.61477,1.1445,0.22266,1.2503,-1.0836,-0.54551
0.76203,-0.075561,0.33429,0.24501,0.33574,1.4002,0.24446,1.136,-1.0327,-0.94449
0.69013,0.33769,1.2157,0.50763,-1.1695,-0.027522,-0.55868,1.4288,-0.51464,0.20009
0.12863,0.16121,-0.13762,0.36573,0.7906,0.89468,-0.33291,1.5885,-1.223,0.097148
0.58475,-0.73553,0.82754,-0.61537,-0.049557,0.42636,-0.29469,0.93004,-1.1157,-0.089317
0.9483,-0.54526,0.58032,0.77398,-0.16937,0.71866,0.20155,0.85282,-0.3674,-0.0036975
0.40652,-0.6275,0.31972,0.1625,0.3538,0.81843,-0.12177,1.3525,-0.78011,-0.36791
0.20135,-0.33925,0.063937,-0.63538,0.64938,1.0891,0.050579,1.1664,-0.97348,-0.82545
0.52821,-0.47406,0.42681,-0.033054,0.83312,1.1338,-0.070395,1.3361,-1.1788,-0.51211
0.39606,-0.55698,0.65218,-0.62892,0.40497,1.4822,0.25886,0.77701,-0.623,-0.57986
0.99749,-0.0058603,0.32943,0.791,0.083986,1.0534,-0.45857,1.0275,-0.65745,-0.13675
0.29245,-0.83529,-0.041443,-0.67715,0.10058,1.0315,0.39422,0.79626,-0.90552,0.03007
0.57168,-0.52296,0.14917,-0.26828,0.39274,0.70344,0.12622,1.2524,-0.30854,-0.20066
1.395,-0.14014,0.34683,0.25386,-0.1539,0.36974,0.53,1.3088,-0.87073,-0.35083
0.71045,-1.1293,-0.27054,0.042313,0.028644,0.92204,0.23058,0.7622,-0.81764,0.22328
0.78387,-0.24903,0.57042,-0.078763,0.39597,1.2389,0.22637,1.045,-1.1568,-0.39636
0.72027,-0.45371,0.31002,-0.34022,0.37916,1.0616,-0.015727,0.87252,-0.60548,0.084572
-0.034541,-0.79635,0.6263,0.086179,-0.73881,0.87851,-0.59695,0.64919,-1.3674,-0.16363
0.33424,-0.65541,0.77492,-0.43434,0.29336,0.98828,-0.15803,1.1339,-0.51674,-0.23588
0.57621,-0.69832,0.90133,-0.16391,0.7929,0.92377,0.32597,1.1116,-0.70868,-0.36521
0.5689,-0.46656,0.373,-0.1256,0.75315,1.396,0.47177,1.2265,-0.6598,-0.041018
0.9051,-0.37142,0.69804,-0.28539,0.31178,0.46031,0.22089,1.1551,-0.84808,-0.41622
1.7364,-0.76451,0.025467,0.46419,0.28342,0.51353,-0.77627,0.78417,0.14003,-1.1659
0.83938,-0.46666,0.24082,-0.078651,-0.71269,1.9214,-0.75073,1.2634,-1.1264,-0.64981
0.6314,-0.93993,0.38779,-0.3507,0.46793,0.49961,0.22699,1.0426,-0.96764,-0.14225
0.20151,-0.79088,0.41303,0.079239,0.32998,0.80564,0.35522,1.4708,-1.1848,-0.44737
0.32481,-0.35098,0.92014,-0.20472,-0.027952,1.3587,-0.086216,0.83049,-0.24417,0.21395
0.68101,-0.83914,0.6595,-0.11437,0.53357,0.47986,-0.50962,1.1343,-0.95955,-0.37053
1.3271,-0.20194,0.16377,0.04063,0.41279,1.3215,-0.13147,1.1802,-1.015,-0.55281
1.1252,-0.33953,1.0029,-0.64583,0.83218,0.35507,0.8601,1.0325,-0.37086,-0.53457
0.48232,-1.3856,0.34666,0.027522,0.92471,0.42224,-0.33345,0.88127,-0.94917,-0.322
0.12501,-0.51164,0.20686,0.13551,0.81563,1.2259,0.15069,0.85043,-0.97911,-0.032661
0.53183,-0.60508,0.063815,0.30971,0.61739,1.1706,-0.10277,1.1732,-0.86167,-0.37929
0.72074,-0.31014,0.5641,0.29405,-0.31905,0.99357,-0.016056,0.80545,-0.79069,-0.2255
0.7125,-0.37417,0.18254,0.71425,0.5788,1.3098,-0.11982,0.61323,-0.40183,0.17121
0.58903,-0.54303,0.66266,0.8327,0.40365,0.974,0.015437,1.1302,-0.9793,-0.35955
0.10514,-0.16134,0.25882,-0.24089,-0.015679,1.0716,0.08275,0.79058,-0.93268,0.021287
-0.070423,-0.31106,0.92251,0.055877,0.94364,0.79068,0.75674,1.3225,-1.095,-0.30726
0.62966,-0.25359,0.70849,0.32261,0.92443,0.70222,-0.24702,0.57926,-1.6002,-0.79612
0.61517,-0.25343,0.21035,0.77975,0.4747,0.4573,-0.34202,1.1135,-1.0411,-0.30963
0.37384,-0.35716,0.12928,0.66662,-0.46666,1.0297,-1.1055,1.7742,-0.53201,0.24953
-0.1927,-1.0843,0.87507,-0.54265,0.14933,0.77772,-0.65052,0.84175,-0.3192,-0.070871
0.41307,-1.1646,0.004858,-0.149,0.44002,0.77479,-0.2976,1.1767,-0.88661,-0.23999
0.058392,-0.75689,0.48818,-0.32192,-0.048248,0.62691,0.40745,0.83377,-1.2698,0.063502
0.86382,-1.1444,0.4992,0.33206,0.78896,0.40675,-0.65096,0.93267,-0.88509,-0.9214
0.92416,-0.16869,0.76761,-0.20276,0.47019,0.29154,-0.21456,1.1959,-1.125,-0.34096
0.25495,0.13171,0.33818,0.21071,0.016885,1.394,-0.56979,1.1966,-1.7364,-0.58353
0.47802,-0.48779,0.11244,-0.94157,-0.14811,1.4173,-0.82804,0.99747,-0.74674,0.54593
0.69313,-0.80666,0.13369,-0.14411,-0.14255,0.65876,-0.62797,0.9979,-1.1567,-0.522
-0.1231,-0.41795,0.63703,-0.46525,0.56373,1.2085,0.10001,0.59895,-0.85142,-0.69431
0.41616,-0.82809,-0.16134,-0.039272,0.049718,1.1565,0.39699,1.111,-1.1516,0.03962
0.058797,-0.52264,0.22423,-0.63303,-0.06195,1.3515,-0.17083,0.98924,-1.0944,-0.85787
0.45702,-0.52003,0.79279,-0.54565,0.38028,1.0447,-0.33728,1.0134,-0.96516,-0.80655
0.58666,0.13129,0.91563,0.10537,-0.41934,0.68797,-0.98894,1.0332,-0.25919,-0.037955
0.69441,-0.71093,0.69667,0.26786,0.39621,1.7132,-0.10246,1.6426,0.3402,0.25916
0.67647,0.049219,-0.081671,0.10051,-0.053457,1.3525,-0.14065,1.4045,-1.0316,-0.89822
0.75539,0.61733,0.076091,0.79222,0.36453,1.0552,-0.064804,1.2797,-0.76281,-0.0070391
0.33915,-0.033164,1.3872,0.78112,0.73638,0.7545,0.0010538,1.0808,-0.91094,-0.67008
0.86227,0.053751,0.40497,0.88997,-0.44113,1.5115,-0.65077,1.8702,-0.42203,-0.40037
0.22617,-0.33802,0.51805,-0.39659,1.2852,1.1777,0.32798,1.1698,-0.63113,-0.122
0.45893,-0.27373,0.99591,-0.16547,0.52265,0.54037,-0.23215,0.64817,-0.63401,0.38954
0.78912,-0.4398,0.28853,0.52625,-0.40542,0.24681,-0.063976,0.98204,-0.70446,-0.2808
0.52407,-0.203,0.71651,-0.20645,-0.49757,0.70881,0.27651,1.0456,-1.2619,0.12506
0.40112,-0.42566,0.57224,-0.21354,0.27683,0.94846,0.08702,1.0033,-1.3088,-0.28079
1.0047,-0.42673,0.37922,0.67791,0.10953,0.76492,-0.2593,1.2278,-0.85431,-0.58218
0.98931,-0.31633,0.52593,-0.17405,0.46209,1.0099,0.10199,0.67397,-1.2377,-0.1752
0.51083,0.31983,0.59496,0.2415,-0.23344,0.51274,-0.51272,1.1536,-0.76311,-0.26422
0.71545,-0.77535,0.18776,-0.090232,0.082465,1.2763,0.20343,0.93482,-0.7419,0.086544
0.58625,0.034014,-0.00053995,0.068803,0.63521,0.70863,-0.64283,0.93949,-1.4309,0.13372
1.0818,-0.91352,-0.058586,0.23945,-0.14466,0.65034,0.021831,0.9295,-1.3181,-0.52849
-0.57368,-0.68006,-0.1004,-0.40204,-0.56763,0.97556,-0.99688,1.7963,-1.4093,-1.2418
0.90289,-0.2378,-0.10412,-0.15843,-0.18321,0.79221,0.63917,1.1185,-0.66873,0.19678
0.3415,-0.63268,0.4156,-0.22663,0.16338,0.59848,-0.51147,0.69214,-1.2096,-0.35117
0.21019,-0.74059,0.83856,-0.48101,0.7388,0.79535,0.094562,0.95971,-0.89048,-0.40378
1.2309,-0.12714,0.22939,0.25877,0.48777,1.4989,0.10282,1.2907,-0.81145,-0.52477
-0.22255,-0.25706,0.0091753,-0.15254,-0.7185,1.2339,0.35147,1.8848,-0.88644,-0.68651
1.0205,-0.47131,0.49206,-0.294,0.20137,0.38014,-0.096141,1.0922,-0.78934,0.012024
0.62082,-0.43169,0.7614,-0.44964,0.49569,1.0154,0.62442,1.1102,-0.44108,0.17901
0.31912,-0.64075,0.76021,-0.38837,0.79608,0.73023,-0.10128,1.2914,-0.51511,-0.49399
0.62098,-0.89711,0.67841,0.11728,0.52163,0.61762,-0.32932,0.70002,-1.1007,-0.24671
0.84129,-0.30663,0.55733,0.13337,-0.36328,0.90717,-0.37142,0.85274,-1.0427,-0.55971
0.80675,-0.12929,0.1749,0.037996,0.28438,0.92531,0.26748,1.4902,-0.70572,-0.43692
0.78239,-0.93898,-0.37529,-0.016641,-0.69912,0.74641,0.43422,1.0917,-0.80435,-0.36043
0.87544,0.058515,0.611,0.20078,0.75016,0.80235,-0.27167,1.4353,-1.3817,-0.99615
0.63181,-0.53889,0.19302,0.95958,0.47456,0.77098,0.46487,1.1697,-0.71495,-0.64667
1.2346,-0.62061,0.54804,-0.2171,-0.31213,1.2211,-1.1662,0.95228,-0.74164,-0.73546
0.91254,0.052995,0.31441,-0.19972,0.48728,1.5651,-0.14383,1.1541,-0.58079,-0.82637
0.81266,-0.49459,0.36157,0.83841,0.79874,1.2168,-0.16899,0.65128,-1.0781,-0.0068586
-0.14601,-0.70782,0.40072,-0.51858,0.47851,0.70779,0.57898,1.1255,-0.67372,0.015442
0.14741,-0.39657,0.96156,0.31867,0.51324,0.69313,0.54795,0.94851,-0.92698,-0.18288
0.56952,-0.37404,-0.03307,0.27516,0.42583,1.452,0.51439,0.96019,-0.92479,-0.21878
0.62174,-0.5083,0.50976,-0.16059,0.20921,1.178,-0.055055,1.2319,-0.69542,-0.26634
1.0451,-0.40978,0.45955,0.29777,1.1211,0.99517,-0.45947,1.2266,-0.25611,-0.41791
0.42971,-0.61556,0.95972,-0.1956,0.45656,1.2165,0.19669,1.0239,-0.26884,-0.5449
0.24028,-0.17291,0.6129,0.10455,0.28137,1.5001,0.21282,1.0702,-0.65623,-0.70478
0.24231,-0.63761,0.35612,0.1013,-0.26801,0.5545,0.1946,0.90424,-0.80106,-0.035944
0.80194,-0.24833,0.2421,0.36277,0.058865,1.1323,-0.62554,0.88297,-1.1499,-0.092393
-0.023812,0.22033,0.50342,0.089511,0.24887,1.1185,-0.90905,1.0946,-1.8497,-0.87595
0.43161,-0.64497,0.15512,-0.16064,-0.29455,0.40216,0.041748,1.2391,-0.96166,-0.21836
0.053664,-0.79077,1.2823,0.96017,0.20978,0.86581,-0.39019,0.66311,-1.4107,-1.0648
0.86507,-0.36489,0.65087,0.22978,0.11014,0.55689,9.4445e-05,1.087,-0.96403,0.037782
0.89447,-0.40733,0.31638,-0.0017391,-0.21548,0.32199,-0.723,1.1483,-1.1867,-0.13927
-0.15506,0.40648,0.60116,0.07664,-0.42631,0.73658,-0.086989,1.6795,-1.7973,-1.1123
0.72624,-0.27185,0.25997,0.0090952,0.057678,0.88957,-0.065654,0.99866,-0.87619,-0.37661
0.40832,-0.40882,0.49138,-0.34271,0.50611,1.1595,0.19189,1.087,-1.0799,-0.15357
0.58436,-0.25701,0.65025,0.54117,0.051237,1.0023,0.10378,1.1769,-0.77427,-0.23843
1.0583,-0.45894,0.21837,-0.23346,0.16349,1.243,-0.03536,1.1965,-0.72382,-0.58869
0.34968,-0.48859,0.73922,-0.34359,0.77319,0.89632,0.29224,1.4418,-0.63885,0.0329
0.73781,-0.84275,0.48332,-0.081828,0.15759,1.3819,-0.02417,0.61795,-0.90695,-0.73933
0.29064,-0.7931,0.077734,-0.52657,0.037361,0.98461,0.15984,1.2949,-0.66787,-0.079269
0.070748,-0.34689,0.3801,0.47673,0.18071,1.3294,-0.41643,1.2503,-0.69203,-0.56286
0.31331,-0.70301,0.49646,-0.31646,0.067353,0.92321,-0.050616,1.2516,-0.74629,-0.10197
-0.27965,-0.75654,0.087457,-0.60719,0.71491,1.1231,0.10232,0.91419,-0.89375,-0.13609
1.3273,-0.24149,0.41804,0.070121,1.401,0.0634,0.1107,1.3514,-0.20019,-0.69765
0.7249,-0.23174,0.85491,0.16847,0.27915,0.9158,0.022477,1.0537,-1.0657,-0.45359
0.59064,-0.44142,0.064046,0.41341,0.010416,0.81758,-0.26668,1.1723,-0.70819,-0.31647
0.15913,-0.52628,0.64103,-0.2416,0.25338,1.3427,-0.15538,1.4101,-1.0939,0.13393
0.058041,-0.24337,0.26173,-0.65874,0.43784,1.1606,0.29416,1.2021,-1.0368,-0.78747
-0.0095174,-0.037117,0.41448,-1.0272,1.1125,1.5706,-0.27111,0.81198,-0.73891,-1.0912
-0.27926,-0.85992,0.67549,0.26752,0.36884,1.116,0.74552,1.1572,-0.13191,0.91668
0.80471,-0.64327,0.3123,-0.0028455,0.63884,0.79436,0.45554,1.1173,-0.85615,0.21575
0.13452,-0.3698,0.34979,-0.33552,-0.13998,0.96404,0.041195,0.52607,-0.80317,0.4256
0.41068,-0.61921,0.23202,-0.16908,0.50958,0.8953,0.069979,0.80953,-0.66336,0.19307
0.64078,-0.31288,0.095466,-0.3791,0.1415,0.78719,0.50614,0.91432,-0.77011,0.26511
0.40945,-0.50475,0.36744,-0.22601,0.38187,0.80829,0.26424,1.037,-0.9504,-0.32264
0.66758,-0.18481,-0.43179,-0.24501,0.3445,0.9756,0.021627,0.81017,-1.4136,0.045407
0.23622,-0.24481,0.79087,0.093131,0.4298,0.74396,0.030035,0.36126,-1.1301,-0.28142
0.65568,-0.43039,0.15266,0.54381,0.26203,0.82842,-0.04307,1.0639,-1.0615,-0.33785
1.1093,-0.55621,-0.233,0.29619,0.54096,1.1022,-0.56947,1.3585,-0.63351,-0.78548
0.66062,-0.29207,0.59142,0.42398,-0.37328,0.46809,-0.1897,0.41581,-0.89529,-0.31899
1.0074,-0.17426,0.6293,0.057628,0.76297,0.73747,0.22498,0.88087,-0.73798,-0.017144
0.77767,-0.58438,0.22327,-0.32227,-0.081579,0.41693,-1.0676,1.6358,-0.33268,0.074951
-0.20526,-0.70184,0.54645,-0.64975,0.41571,1.3105,-0.23043,1.0667,-0.71954,-0.53277
0.12239,-0.59504,0.13244,-0.41042,0.43275,1.0857,-0.21539,1.2595,-1.0919,0.060636
0.32251,-0.5375,0.59943,-0.52193,0.52152,1.1707,0.14135,1.1894,-0.89639,-0.26789
0.683,-0.57554,0.54563,0.3462,0.090387,0.66517,-0.42202,0.7812,-0.89367,-0.13184
0.39493,0.45767,0.31957,0.015021,0.50374,1.6927,0.34522,1.206,-0.73616,-0.89285
0.71529,-0.18946,0.33619,-0.029688,-0.58233,0.7027,-0.67266,1.0389,-0.9562,-1.0577
0.86435,0.36415,0.76671,-0.23454,0.4807,1.036,-0.036248,1.2664,-0.3414,0.45294
1.5306,0.24823,-0.22294,-0.46106,1.1695,0.39978,-1.1659,1.7666,-0.6427,-0.62292
1.4381,0.6987,0.39859,0.98024,-0.35528,0.39058,0.13817,1.0671,-0.64301,0.13534
0.40923,-0.88561,-0.14675,-0.6854,0.62484,0.76937,0.54121,1.1303,-0.70172,0.05545
0.56844,-0.29553,0.24231,-0.54624,0.39193,1.1214,0.47872,1.1437,-0.81986,-0.19658
0.77781,-0.97769,1.1695,-1.1228,0.93041,0.42302,0.20489,1.19,-0.79553,-0.25606
0.69118,0.079954,0.35405,0.31363,0.47791,0.88618,0.77746,0.44548,-1.7965,-0.4149
0.48003,-0.2871,0.36833,-0.14918,0.261,0.79069,0.16763,0.95141,-0.85149,-0.12664
0.37168,-0.50839,0.55004,-0.79007,0.6411,0.95358,0.21089,1.1288,-0.92385,-0.53536
0.97918,-0.34661,0.61527,0.21654,-0.29068,0.70891,-0.03139,0.91172,-0.69694,-0.041509
1.2407,-0.31125,0.095557,-0.14031,0.34795,0.80337,-0.35947,0.87918,-1.1108,-0.0060934
0.84589,-0.36375,-0.033941,0.051572,-0.40323,0.76284,0.18173,1.0659,-0.97112,-0.17278
1.4558,0.19819,0.36291,0.44634,0.12347,0.88892,-0.1434,1.0686,-0.83084,-1.0829
0.29398,-0.52545,0.48567,-0.068338,0.21061,1.0763,0.25781,1.3891,-0.98715,-0.63624
0.011895,-1.0473,0.32963,-0.45191,0.89717,1.488,-0.36019,0.81866,-0.46525,0.23196
0.84928,-0.34485,0.80129,0.28912,-0.030551,1.0256,-0.14334,0.99573,-0.76525,-0.41756
0.68664,-0.67488,0.51184,0.28044,-0.111,1.4432,-0.12044,0.83604,-0.67713,0.083761
0.658,-0.56874,0.37711,0.12012,-0.20585,1.265,-0.19947,1.0013,-0.61755,0.29711
0.071176,-0.34949,0.55628,0.023079,0.4607,0.62748,0.47557,1.8675,-0.68207,-0.12664
0.79172,0.28347,0.5176,-0.12132,0.30928,1.0887,-0.4163,1.351,-1.2199,-0.36584
0.23542,-0.40806,0.53294,-0.38535,0.52082,1.0352,0.25496,1.0896,-0.76749,-0.24288
1.0981,0.21803,0.66696,-0.46244,-0.10965,1.519,1.3638,0.56726,-0.52808,-1.4198
0.87971,-0.57625,-0.44587,-0.15327,0.15962,0.28443,0.5348,1.5171,-0.23818,-0.1637
0.45024,-0.25341,0.52611,0.19988,0.75801,0.85827,0.66745,1.1394,-0.74027,-0.34348
0.46817,-0.37128,0.0689,-0.21602,-0.69931,0.99908,-0.47014,1.3414,-0.61102,0.36707
0.78863,-0.11813,0.18013,0.36072,0.18783,0.90182,0.17326,1.0354,-0.82373,-0.19379
0.53189,-0.6774,0.39306,-0.032189,0.71897,0.8333,0.095651,1.0519,-1.1515,-0.089283
0.47349,-0.60149,0.62505,0.16255,-0.16256,1.0023,-0.23565,1.0146,-0.58652,-0.22176
0.36972,-0.92854,0.62689,-0.18706,1.0689,0.82794,0.51935,0.97332,-0.85739,-0.1336
0.6271,-0.34403,0.098163,-0.035326,-0.24578,0.87359,0.061523,1.4053,-0.59154,-0.020783
-0.58924,-0.036498,0.67144,-0.62124,0.82976,0.90481,-0.021884,1.3449,0.15688,-1.3547
0.29799,0.037651,0.95568,0.48916,0.41442,0.46343,0.25282,1.4172,-0.72441,-0.24807
0.26325,-0.50142,0.55677,0.82046,0.24175,-0.083335,-0.21464,1.5354,-1.0053,-1.0097
1.222,0.41333,0.68384,0.44042,0.16358,1.5032,-0.96736,1.0498,-0.37067,-0.80863
0.62794,-0.92041,0.56282,-0.23774,0.24054,0.70035,-0.6188,0.88899,-1.257,-0.81872
0.4483,-0.36794,0.79761,-0.37916,0.29026,1.0547,-0.29678,0.81314,-1.3146,0.11046
0.71245,-0.4925,0.28486,0.56767,1.0464,0.64016,0.14334,1.1324,-0.63953,-0.020315
0.78591,-0.55274,0.43989,-0.34912,0.48224,0.83241,0.051006,1.1321,-0.93926,-0.4387
0.27682,-0.57556,0.50835,-0.0063143,0.13513,0.98706,-0.056929,0.95627,-0.91474,0.015643
0.6609,-0.27463,0.38638,-0.71277,0.34383,0.53184,0.25132,0.7571,-0.69239,0.58657
0.098107,-0.16978,0.12229,-0.31813,0.86012,0.70777,-0.4613,1.1811,-1.4016,-0.079613
0.71783,-0.26297,0.42681,0.18104,-0.71059,1.1844,-0.18443,1.7162,-0.82447,-0.16588
0.65685,-0.74082,0.54961,0.27519,0.41986,0.90081,0.31976,1.2189,-0.944,-0.73358
1.352,0.56232,0.67503,-0.091726,-0.43918,0.79355,-0.26132,0.41358,-1.2663,-0.69934
0.50738,-0.51311,0.17721,-0.050742,-0.19325,0.6762,-0.13924,0.87171,-0.84554,0.29853
0.83511,-0.64884,0.80078,0.44096,0.90251,0.80452,-0.021628,0.73566,-0.6668,-0.062149
0.69915,-0.40308,0.72857,0.43176,0.0023548,0.82239,-0.16278,0.94222,-0.47376,-0.52951
0.79049,-0.63911,0.56452,-0.32688,-0.29863,0.42332,-0.043165,1.2205,-0.88192,-0.67808
0.54362,-0.3826,0.30981,-0.34997,-0.12269,0.84564,-0.096995,1.2617,-0.57669,0.28987
0.78562,-0.23558,0.43313,0.00059889,-0.16398,0.89649,-0.5319,1.2743,-1.2907,-0.5564
1.454,-0.7515,-0.1582,0.32175,0.77982,0.46769,0.0046415,0.37375,-0.6115,0.21684
0.80309,-0.61519,0.69242,0.24701,0.22426,0.58318,-0.5565,0.41233,-1.1322,-0.48303
-0.016912,0.1354,0.25778,0.45885,0.85314,1.2821,0.48409,0.96031,-0.5924,0.80208
0.67912,-0.93635,0.66771,-0.052384,0.54295,1.1762,-0.30929,1.1497,-0.90906,-0.62706
0.31782,-0.56009,0.55896,-0.68013,0.31828,1.5312,0.024621,0.94336,-0.59493,-0.27179
1.6136,-0.89035,-0.17668,0.73606,-0.06449,1.8905,-1.2022,1.0109,0.17509,-0.73382
0.37554,-0.44928,1.1255,-0.41491,0.44447,1.1368,-0.12464,0.99784,-0.65612,-0.49066
0.64241,-0.041861,0.57713,0.64254,-0.17653,1.0477,-0.42202,1.3652,-0.86692,-0.74208
0.15403,-0.73764,0.66932,-0.57477,0.80913,1.1348,0.37258,1.0676,-0.63171,-0.55128
0.58484,-0.11777,0.27831,0.13574,-0.16359,0.67794,0.051489,0.88516,-0.90926,-0.39701
0.77624,-0.35555,0.47457,0.1252,0.32495,0.97225,-0.091813,1.085,-0.88939,-0.61861
0.85982,-0.25151,1.0235,1.1878,1.0984,1.3412,-0.86603,0.41426,-0.50835,-0.14051
0.76932,-0.44183,0.76617,0.2115,-0.3101,0.75054,-0.083915,0.95756,-0.94112,-0.31381
0.58093,-0.4252,0.44198,-0.068502,0.63661,1.2148,-0.31155,0.7901,-0.68573,0.03462
0.2916,-0.18833,0.252,-0.4923,0.15421,0.81901,0.21075,0.98745,-0.83162,0.3863
0.8524,-0.37357,0.026477,0.12491,-0.028622,0.65093,-0.11661,0.91094,-0.73526,-0.24313
0.12422,-0.62736,0.50555,0.41022,-0.32163,0.61291,-0.34099,0.59943,-1.4612,0.27311
1.1506,-0.26803,0.396,0.62107,0.65124,1.0949,-0.046449,0.33739,-1.2863,-0.12037
-0.24008,0.1455,0.73254,-0.068807,-0.038716,1.5371,-0.082625,1.5707,0.027476,-0.72023
-0.086237,0.0063748,0.65379,-0.22625,0.22646,0.73276,0.006818,1.1143,-0.39553,-0.0096463
0.85813,0.12538,0.45868,-0.70034,-0.18868,0.87562,0.61134,0.79901,-0.69135,-0.2421
0.67761,-0.40672,0.75747,-0.36733,0.35886,0.82152,0.17146,0.98988,-0.83361,-0.31426
0.7748,-0.53819,0.87266,0.013015,0.34301,1.1842,0.38716,1.1946,-0.15538,-0.66775
0.37267,-0.44691,0.20096,0.065675,0.30408,1.2474,-0.019988,0.58047,-0.79888,0.41427
0.62941,-0.41366,0.96781,0.2161,0.83342,1.0058,0.018208,0.83276,-0.84197,-0.1267
0.52134,-0.60447,0.35812,-0.50406,0.46224,1.1073,0.019889,1.228,-0.45139,-0.94552
0.45132,-0.20859,0.78114,-0.040917,0.20024,0.4124,-0.3033,1.3773,-1.0948,-0.64404
0.1035,-0.99755,0.55298,-0.12912,0.83691,1.012,0.30125,0.911,-0.81438,-0.26703
0.92643,-0.014613,0.31436,-0.51841,0.24032,1.0001,-0.24703,1.0001,-0.92285,-0.52296
0.044495,-0.37739,0.14331,-0.48239,0.1977,1.2731,0.23814,1.341,-0.93216,-0.49145
0.65977,-0.58039,0.50674,-0.40165,0.52791,0.96572,0.60688,1.0265,-0.54288,0.030776
0.84851,-0.13854,0.55679,-0.45738,0.18624,1.0602,-0.51311,0.85897,-0.82161,-0.050386
0.17964,-0.67122,0.43342,-0.12824,1.0607,0.7599,0.41744,1.0839,-0.6355,0.1196
0.42563,-0.67482,0.5903,0.90262,0.53827,1.0581,0.27565,0.93901,-0.53864,-0.38937
1.4669,-0.1644,0.73294,0.33239,0.264,0.98973,-0.31174,0.90054,-0.50076,-0.52806
0.8042,-0.11406,-0.0078308,-0.62565,0.13618,0.71765,-0.33789,1.2702,-0.79975,-0.24913
0.39307,-0.30779,0.67395,0.28406,-0.0080737,1.0908,0.34134,1.3868,-0.51955,0.053648
0.86021,-0.33957,0.55591,0.24704,-0.21865,0.30656,0.1602,0.94337,-1.2295,-0.70562
-0.089403,0.12529,0.057148,-0.59266,0.53534,1.0715,0.95121,1.4531,-0.8403,-0.36523
0.58921,-0.72503,0.51906,1.0859,0.47692,1.709,0.12258,0.47968,-0.84154,0.049654
0.28604,-0.26693,1.266,-0.011714,-0.9555,0.87832,-1.0626,1.0472,-0.84938,-0.47668
0.31802,-0.53863,0.59336,-0.050683,-0.3885,0.61878,0.037406,1.0299,-0.96144,0.015353
0.37719,-0.48743,0.18748,-0.30486,0.20251,0.88982,-0.24113,1.0182,-1.3518,0.32359
0.86218,-0.73534,0.60554,-0.45379,0.36809,0.9674,-0.075939,0.92458,-0.68127,0.0016326
0.82305,-0.73016,-0.18282,0.009709,-0.39162,1.4226,0.34533,0.79353,0.04304,-0.12707
0.61812,-0.01373,0.4479,-0.25751,0.77118,0.33577,-0.69112,1.1687,-1.1999,-0.60648
0.35213,-0.71894,0.70741,-0.34723,0.60677,1.1125,0.040513,0.93847,-0.63595,-0.5039
1.2319,-0.60423,0.37258,0.39421,0.34208,0.71474,-0.020491,1.0164,-0.48718,-0.050183
0.3443,-0.033357,0.36787,-0.26514,0.093104,0.84861,-0.14869,0.38404,-0.38713,-0.12677
0.53362,-0.53008,0.56809,-0.65261,0.61261,1.2897,0.25409,0.96147,-1.1309,-0.51342
0.60087,-0.31667,0.61961,-0.03236,-0.34878,0.54283,0.07159,1.1923,-0.80612,-0.22306
1.323,-0.083399,0.50141,0.18927,-0.41666,1.2122,-0.066728,1.7189,-0.47937,-0.05689
0.89214,-0.60763,0.39661,0.34117,-0.18721,0.60998,-0.88423,0.7786,-1.161,0.3923
0.77709,0.099038,0.9839,0.03177,0.30759,0.18889,0.25004,0.82534,-0.9952,-1.1667
0.50743,-0.4544,0.66864,-0.044164,0.25146,1.1733,0.46315,1.1925,-0.88365,-0.32912
1.1182,-0.62136,0.51215,-0.22028,0.0025143,0.38753,-0.033347,0.77676,-0.75304,-0.38742
0.59842,-0.30112,0.33576,-0.2302,-0.27518,0.97888,0.60154,0.77586,-0.98117,-0.30779
0.55314,-0.36553,0.52759,0.22003,0.53182,0.96219,-0.17472,1.5797,-0.75119,-0.25222
-0.24466,-0.14195,0.46549,-0.6198,-0.21406,1.7162,-0.38037,0.75493,-0.82796,-0.41019
0.44138,-0.60724,0.36014,-0.45915,0.43618,1.3497,0.17322,0.79185,-1.0081,0.078826
1.2836,-1.064,0.41204,-0.66066,0.2458,1.2858,-0.39646,0.33791,-1.2584,0.14304
0.82531,0.34568,0.77141,-0.28328,0.48968,1.0817,-0.64296,0.37613,-0.76536,0.93306
0.64747,-0.18402,0.014697,-0.42641,-0.014896,1.4078,-0.27719,1.2712,-0.29876,-0.4802
0.68141,-0.57191,0.57551,0.11285,0.35289,0.44684,-0.093924,0.8229,-0.76193,0.18232
0.78184,-0.87757,0.48672,-0.091136,0.1008,1.0013,0.34971,0.99808,-0.62817,0.16112
0.56693,-0.75471,0.46229,0.89543,0.66142,0.42027,0.04159,0.42063,-0.94837,0.029522
0.75767,-0.47833,0.76273,0.37242,0.50371,0.08162,-0.28603,1.1567,-1.0537,-0.46314
0.019533,-0.055164,0.58646,-0.030374,0.70796,1.0305,0.33683,1.4074,-0.73516,0.045971
1.5509,0.24758,-0.1173,1.0565,-0.61633,1.253,-0.59971,0.70769,-0.97801,-0.25547
1.0311,-0.61377,0.3969,0.29814,0.10946,0.57592,-0.22611,0.61474,-0.84173,-0.27007
0.76942,0.19898,-0.52892,-1.2175,0.02894,1.5667,0.29047,1.212,-0.67653,-0.46344
1.1695,-0.072728,0.7313,0.69938,0.20291,0.41699,0.49829,0.87256,-1.0724,-0.063607
0.51241,0.15938,0.84118,-0.006494,-0.20261,0.14162,-0.54166,1.5548,-1.1559,-0.5346
0.21529,-0.35594,0.79847,-0.18072,0.48323,1.1929,0.25541,1.112,-0.59233,-0.32437
0.61849,-0.27476,-0.25161,-0.44,0.67442,1.7388,0.70625,1.0987,-0.89905,-0.016995
1.8757,-0.11194,-0.27164,1.0357,-0.45873,1.5185,-0.48885,0.76246,-0.65947,-0.48892
0.26678,-0.25962,0.34672,-0.12731,0.052656,0.78401,0.010398,1.171,-0.46313,0.081109
1.1425,-0.4919,0.40464,0.11913,-0.28033,0.43896,-1.1232,0.61168,-1.0131,-0.27701
0.7879,-0.53117,0.9702,-0.23334,0.5731,0.23974,-0.1217,0.81168,-1.1224,-0.45431
1.1435,-0.54902,0.26944,0.051971,0.61315,1.1055,0.46536,1.4411,-0.32562,0.17523
0.75594,-0.57322,-0.23725,-0.21836,-0.098383,1.1759,0.50862,1.1342,-1.207,-0.58039
1.3362,-0.37461,0.33639,0.65159,-0.27481,0.71969,-0.15895,0.73559,-1.0302,-0.32915
0.43352,-0.08284,0.23467,0.36902,0.4523,0.5472,0.71948,1.1507,-0.80188,-0.45942
0.64291,-0.577,0.21634,-0.45736,-0.16292,1.2101,0.090066,0.87918,-0.7711,-0.32544
0.92109,-0.33232,0.48907,0.51307,0.40364,1.1257,-0.25253,0.88081,-0.95836,-0.51862
0.8416,-0.39308,0.41595,-0.0023591,0.24327,0.82358,-0.17096,1.1559,-1.0375,-0.056304
0.72631,-0.66417,0.38103,0.062587,0.24045,0.64841,-0.16311,0.3923,-1.0547,0.041191
0.77393,-0.42777,1.1312,0.39577,0.090538,-0.45299,-0.067831,1.0807,-0.62119,0.19144
0.64972,-0.32134,0.15081,-0.07659,-0.57694,0.97012,0.2173,1.0074,-1.0643,-0.032489
0.94073,0.046679,0.60652,0.46189,0.095598,0.7161,-0.22834,1.274,0.12414,-0.10168
0.86583,-0.7302,0.39965,0.090217,0.29216,0.81291,-0.3689,0.65077,-0.97261,-0.27872
0.7532,-0.54142,0.37014,-0.0712,-0.18345,0.60471,-0.087574,1.2553,-0.7684,-0.24716
0.59945,-0.13793,-0.0057248,0.31763,-0.527,0.39372,-0.11135,0.85384,-0.88842,-0.53067
0.73897,-0.74843,0.54373,-0.02633,0.39099,0.60976,0.1501,0.94341,-0.60092,-0.081885
1.2414,-0.7841,-0.48842,0.344,0.41087,0.41776,1.2408,1.1792,-0.58588,0.22523
0.99702,0.067068,0.11436,0.37714,-0.38138,0.85376,0.26375,0.99826,-1.0507,0.20289
0.4501,-0.92459,0.072889,-0.44862,0.52246,0.89378,0.8327,0.87624,-0.64249,-0.16758
0.95317,-0.053754,0.19856,0.36868,0.74303,0.65585,0.22288,1.3976,-0.26782,-0.11732
0.83007,-0.44963,0.44431,-0.30521,0.18325,0.44142,0.25521,0.88468,-0.94341,0.24759
0.097114,-0.36898,0.50639,-0.8027,0.25343,1.0884,0.00021669,0.92875,-0.77236,0.064871
0.19326,-0.98229,0.26227,-0.88224,0.35849,0.56598,0.093702,1.0227,-0.98057,-0.13831
0.57374,-0.70412,0.76607,0.33067,0.63263,0.90319,-0.21996,0.73598,-0.89433,-0.16056
-0.024079,-0.50376,0.32232,1.1048,-0.95923,0.96599,-0.03185,1.2862,-0.98127,0.069556
0.81562,-0.3344,0.25627,-0.35438,-0.29555,0.81356,0.13859,0.91438,-0.59713,0.19825
0.55902,-0.51072,0.64273,-0.083076,0.56991,0.81588,0.54291,1.1014,-0.73303,-0.13293
0.60426,-0.58489,0.57875,-0.56394,0.30546,0.44321,0.55068,1.2082,-0.5828,0.03734
0.41897,-0.82719,-0.017107,-0.22545,-0.18693,0.86875,0.12514,0.89702,-1.221,-0.046283
0.44525,-0.66498,0.62725,-0.27454,0.23939,0.86174,0.23899,0.89353,-0.83293,-0.21242
0.27933,-0.62378,0.13964,-0.12861,0.33133,0.70199,0.066655,0.11828,-1.6711,-0.69511
1.0623,-0.51726,0.66928,0.19578,0.38258,0.48878,-0.70302,0.65873,-0.91734,-0.22159
0.19409,-0.51419,1.5205,-0.086283,0.22755,1.5539,0.29811,1.6441,0.1688,-0.24694
0.49545,-0.79773,0.60585,-0.099628,0.10388,0.88661,-0.28887,0.80551,-1.0599,-0.045705
0.56156,-0.15851,0.33073,0.66476,0.77207,0.85845,-0.22428,1.0764,-1.3053,-0.4846
0.61376,-0.48125,0.60421,-0.084649,-0.40432,0.6406,-0.22814,0.92747,-0.6931,0.5083
0.55857,-0.071336,0.47486,-0.053262,1.1904,0.88964,-0.49886,1.2623,-0.82135,-0.043062
0.0020745,0.35602,1.1792,0.22181,-0.054642,1.5468,-0.38176,0.65728,-0.97833,0.71576
1.2593,-0.57984,0.17835,0.15,0.80577,1.2132,0.57947,0.7846,-0.2048,-0.19381
0.93584,-0.48466,0.12538,-0.11127,0.35939,0.51103,-0.10905,1.2623,-0.67781,-0.30369
1.2284,-0.69906,-0.28362,0.28226,-0.34506,0.51603,0.072997,0.49701,-0.96431,0.2988
0.64424,-0.27858,0.19067,-0.028019,0.24353,1.5127,-0.063692,0.78957,-0.79508,-0.1107
0.48963,-0.34852,0.58926,-0.11747,0.15626,0.80553,-0.31452,1.0257,-1.0654,-0.25092
0.70496,-0.82943,1.0787,-0.55994,0.43071,1.6442,-0.20629,0.68897,-0.50371,-0.72253
1.4299,-0.092926,0.41616,0.69554,0.10151,0.60657,-0.52312,0.78632,-0.87934,-0.11718
0.97807,0.19936,0.26398,0.30848,0.061037,1.3297,0.10601,0.71496,-0.64271,0.10296
0.82712,-0.055495,0.10677,0.48164,-0.29963,0.35467,-0.19838,0.53196,-1.7943,0.13173
0.76761,-0.35741,0.96971,-0.95692,0.588,0.50646,-0.3578,0.43191,-0.8794,0.010817
0.31963,-0.27217,0.27198,-0.43142,0.60964,1.4766,0.25583,0.65943,-1.3167,-0.32022
0.6839,0.039057,0.48132,0.54516,0.19072,1.2029,0.18657,1.0377,-1.0662,-0.34806
0.32611,-0.40022,0.12532,-1.0492,0.47756,1.0701,0.59719,1.1428,-0.67138,-0.20431
0.24143,-0.46044,0.34334,-0.35648,0.20068,1.1068,0.013749,1.0917,-0.87113,-0.24427
0.52918,-0.48884,0.60964,0.14425,0.48402,1.3894,0.21279,1.0767,-0.83986,-0.32575
0.79697,-0.26311,0.54186,0.3254,0.30697,0.51755,0.35203,1.0888,-0.83171,0.31202
0.59192,-0.043967,0.47564,-0.061411,0.2808,0.65609,0.11134,1.2346,-0.97512,-0.18132
1.0429,-0.29594,0.1111,-0.49899,0.36197,1.2668,-0.0096005,1.3056,-1.0962,-0.77541
1.5506,0.28218,0.18791,0.2125,0.65451,1.6356,-0.2573,0.89292,0.021489,0.32764
0.64422,-0.83212,0.15703,0.08319,-0.33806,0.71438,-0.32683,1.3759,-0.78016,-0.086078
0.47168,-1.1512,0.56682,-0.76663,1.2684,1.092,0.14906,0.7042,-0.17636,-0.35045
-0.43897,-0.44114,0.88474,0.12829,0.42181,0.62692,-0.18336,0.46302,-0.77606,-0.03429
0.4687,-0.55869,0.040607,-0.12345,-0.16631,0.82167,-0.22757,1.2375,-0.62593,0.39406
0.39015,-0.6707,0.33773,-0.46526,0.2805,0.85127,-0.48404,1.5228,-0.72085,-0.05046
0.43928,-0.040253,0.22761,0.039228,0.096497,1.315,-0.045929,0.77687,-1.596,-0.54025
-0.098859,-0.43553,0.82769,-0.35862,0.37194,0.46277,-0.86057,0.68548,-1.2478,-0.4395
1.2054,-0.1265,0.89748,0.35717,0.22592,0.80666,-0.35988,0.77481,-0.82181,-0.28785
0.69419,-0.77336,0.40488,0.82899,0.28734,0.47925,0.088464,1.4492,-0.41434,-0.13943
-0.35057,-0.77039,0.87883,0.112,0.8328,1.0987,-0.2458,1.1239,-0.67396,0.019078
1.0869,-0.0030036,0.091461,0.52674,0.30075,0.74851,-0.047861,0.69122,-1.5259,-0.61414
0.22445,-0.43658,0.38502,-0.046528,-0.48785,0.9725,-0.46436,1.0471,-1.3114,-0.05848
0.71269,-0.33292,0.37656,0.18075,-0.37395,0.8656,-0.15914,1.2199,-0.75034,0.046225
0.57157,-0.50342,0.73629,0.09862,0.15388,0.75185,-0.17603,0.70319,-0.99994,0.13147
0.56669,0.12479,0.61542,0.2799,0.50737,1.1658,0.36797,0.95695,-1.2218,-0.32947
1.0766,-0.7186,-0.010652,0.42209,-0.39326,0.70606,0.081456,0.93832,-0.50954,-0.29086
0.44912,-0.94454,-0.16695,0.20742,0.21445,0.67331,0.052822,1.7551,-0.5654,-0.39119
-0.068128,-0.76224,0.85415,-0.36421,0.12587,0.54778,-0.18481,1.311,-0.79373,-0.3781
0.64123,-0.4653,0.31785,-0.25395,0.26687,0.50148,-0.32435,1.1845,-0.88823,-0.7082
0.93665,-0.33264,0.02692,0.28914,0.31413,0.75415,-0.17934,1.2228,-0.82407,0.27438
0.38715,-0.83062,0.60764,-0.02256,0.46828,0.87049,-0.43276,0.79998,-0.85853,-0.56697
0.88222,-0.63391,0.80015,-0.35026,0.30477,0.75738,-0.41771,0.97251,-0.58936,-0.35307
0.38655,-0.69655,0.57774,-0.53245,0.614,1.1993,0.053298,1.0104,-0.98979,-0.183
0.4641,-0.79216,0.18646,-0.31437,0.30473,1.3694,-0.24041,0.70496,-0.744,-0.31285
1.0591,-0.019947,0.58791,1.0052,0.29138,1.2719,-0.25133,0.63087,-1.0568,-0.39831
0.67333,-0.37153,0.94721,0.21934,0.49482,0.41921,-0.15952,0.84369,-0.53526,-0.10983
1.5324,-0.28414,0.14846,0.75233,0.35112,1.3508,-1.2082,0.7299,-0.054473,-0.45237
0.65348,-0.60204,0.56535,-0.3217,0.31959,0.68663,0.43452,1.0741,-0.92385,-0.01841
0.79639,-0.45653,0.33312,0.22411,-0.043392,1.015,0.021129,0.90759,-0.96819,-0.18036
0.93435,-0.084333,0.70801,0.031027,-0.35699,0.54035,-0.4796,1.3314,-0.87325,0.33863
0.85691,-0.52658,0.59259,0.18954,0.024589,0.57405,-1.1121,1.0878,-0.96265,-0.83747
0.50771,-0.58217,0.30967,-0.95014,-0.016808,0.84467,0.20675,1.0703,-0.72854,0.16426
0.8251,-0.96115,0.53513,0.28244,0.072614,1.3547,-0.51409,0.77905,-0.77426,-0.60285
0.43229,-1.3704,0.2328,-1.062,0.4229,1.4549,-0.73672,1.05,-0.066726,-0.60915
0.60881,-0.5289,0.86794,-0.18749,0.64385,1.2214,0.039985,0.80633,-0.63731,-0.36057
0.84885,-0.1816,0.15447,0.7275,0.26947,1.2949,-0.60973,1.679,-0.33742,-0.70471
0.52189,-0.87984,0.58325,-0.16252,-0.28404,0.81019,-0.065976,1.198,-0.91782,0.14927
0.42104,-0.40675,0.33241,-0.25509,-0.26564,0.64403,-0.24652,0.6586,-1.2861,0.22298
0.95038,-0.51218,0.42248,0.17605,-0.28287,1.2844,-0.38505,1.4146,-0.70989,-0.31881
1.2612,0.084844,0.26315,0.15574,-0.14895,0.9314,-0.44495,1.1709,-0.892,-0.20153
1.0455,0.080363,0.792,0.52297,-0.64038,0.43341,-0.40251,0.68621,-0.82464,-0.1466
0.28625,-0.837,0.22647,0.17136,-0.30726,0.70351,-0.69909,0.92512,-0.81539,0.095866
0.5449,-0.14704,0.4876,-0.32255,-0.022187,0.62726,-0.29305,1.1305,-0.71581,-0.38797
0.91984,-0.34025,0.21689,0.43154,0.97404,0.87296,0.24883,0.84078,-1.2136,0.12426
0.77427,-0.28215,0.58349,0.57037,-0.50767,0.84839,-0.42446,1.2725,-0.43347,0.049542
0.54921,-0.26963,0.83856,0.0036072,-0.076177,0.90928,-0.29543,0.64929,-1.119,-0.24557
0.32173,-0.50948,0.842,0.0021598,-0.28794,0.7192,0.087916,0.82133,-0.96931,0.3487
0.28422,-0.57429,0.31025,-0.52046,-0.045551,1.1883,-0.078814,1.1523,-1.0326,-0.11891
0.55785,-0.19608,0.59101,-0.41302,-0.18516,0.1099,-0.00053413,1.1654,-0.5503,0.2946
0.89417,-0.028675,0.62776,0.3006,0.65874,1.2442,0.47407,1.2125,-0.87295,-0.18129
0.74102,-0.62179,0.22197,0.081189,0.060508,0.97878,-0.15306,0.73925,-0.70056,0.1925
0.59159,-0.80654,0.5342,-0.42687,0.66489,0.8509,0.48614,1.0357,-1.0442,-0.7748
0.42247,0.058013,0.51947,-0.13098,-0.30551,0.96333,-0.12068,0.87487,-0.22767,-0.20261
0.54556,-0.42852,0.54487,1.0002,-0.32044,1.2796,-0.64886,0.97113,-1.0925,-0.81827
0.46286,-0.56819,0.448,0.12182,-0.30386,1.2617,-0.57438,1.233,-1.019,-0.55888
0.5868,-0.31071,0.40722,-0.10635,-0.37162,0.82193,-0.2081,0.7587,-0.68642,0.26963
0.58149,-0.69139,1.003,-0.70819,-0.079012,1.3334,0.40403,0.036192,-0.80475,-0.50331
0.29758,-0.70818,0.61539,-0.30461,0.41752,1.003,0.23298,0.97233,-0.79063,-0.27881
0.62282,-0.8938,-0.17364,0.5988,0.73755,0.80282,0.18531,1.3402,-0.86402,-0.055676
0.63197,-0.98994,0.9658,0.0241,0.30709,0.53318,0.0044998,0.99215,-0.54463,-0.31035
0.65346,-0.36687,0.5202,0.1665,-0.45245,0.60912,-0.17506,0.74157,-0.65588,-0.034287
-0.8677,0.046689,1.5158,-0.59239,0.27814,1.6521,-0.16015,0.88967,-0.35417,-0.082576
0.66047,-0.61086,0.71096,-0.1081,-0.20232,0.43569,-0.095097,0.95791,-1.2932,0.085354
0.76512,-0.21249,0.23693,-0.064339,0.62861,1.1676,0.43161,1.3532,-0.69192,-0.87539
0.12294,-0.64612,0.75515,-0.08554,0.78736,0.94602,0.48869,0.71508,-1.2108,-0.029258
1.0635,-0.2801,-0.1913,0.28667,0.46313,1.2982,0.51305,0.76682,-0.4157,0.21955
0.89668,-0.31462,0.60622,-0.22532,0.51931,1.2627,-0.081227,1.0757,-0.69545,-0.023767
0.54879,-0.88022,0.29145,0.00064135,0.064561,1.1392,-0.10726,0.93551,-0.608,-0.15045
0.30169,-0.12232,0.51719,-0.24739,0.44698,1.6271,0.24635,1.226,-0.75539,-0.61042
0.99672,-0.14725,0.14827,0.16578,-0.6557,0.78373,0.025239,1.1559,-0.84156,0.11281
0.33505,-0.58865,0.97661,-0.59643,-0.51008,0.96639,0.15451,0.8822,-0.70269,-0.2609
0.053805,-0.41454,0.30634,-0.10587,-0.012666,1.0303,-1.05,0.85371,-0.82672,-0.22193
0.88988,-0.35465,0.33054,0.0021675,0.56112,1.0713,0.12498,0.6286,-0.97522,-0.10809
1.1965,-0.32146,-0.34451,-0.24684,0.19877,1.0731,-0.4361,0.61458,-0.76982,-0.34726
0.53747,-0.62322,1.0159,-0.24342,0.1527,1.647,-0.22416,0.84994,-0.7108,-0.35121
0.66271,-0.42519,-0.29522,0.22067,0.27597,0.95049,-0.33089,1.2219,-1.0043,0.75023
1.3119,-1.699,0.11942,0.24799,0.18377,1.7108,0.14804,0.31609,-0.80355,-0.47526
1.1537,-0.072355,0.54801,0.13225,0.31083,1.102,-0.25813,1.306,-1.1955,-0.5681
1.3472,-0.25474,0.50815,1.1234,0.64858,1.0078,-0.33288,0.97473,-0.59056,-0.14494
0.17746,-0.8017,0.75306,-0.26364,0.1957,0.68806,-0.62529,1.2879,-1.1599,-0.80611
0.76891,-0.29865,0.64672,0.20858,0.24084,1.2365,-0.25305,0.76204,-0.93792,-0.48304
0.58468,0.029313,0.40961,0.48738,-0.24752,0.54836,0.047661,1.06,-0.80331,-0.55167
0.16661,-0.0072688,0.82157,-0.64972,0.89328,0.90114,0.052169,1.151,-0.76541,-0.021691
0.22589,-0.58676,0.38232,-0.17487,0.52365,0.90457,0.091055,0.69238,-0.82296,-0.22481
0.57787,-0.5048,0.42926,0.020817,-0.341,0.52355,-0.013204,0.83664,-1.045,0.34561
0.72062,-0.25692,0.11805,-0.41855,0.00058716,0.78941,0.49068,1.0652,-0.88118,0.28337
0.34653,0.011204,0.098968,-0.50122,-0.12153,0.55733,0.11919,1.4944,-0.78569,0.036702
0.8907,-0.28346,-0.044538,-0.71794,0.18573,0.56686,-0.51683,1.4024,-1.0152,-0.58786
0.51134,-0.7143,0.25987,-0.07461,0.11301,0.90046,0.45062,1.0489,-0.62857,-0.48705
1.0487,-0.57138,-0.17459,0.15716,0.44306,1.2924,0.26736,0.95721,-0.78103,0.40186
0.56348,-0.13534,0.027269,-0.22211,0.19406,1.3734,-0.56138,1.663,-1.2646,-0.49939
1.2579,-1.1913,0.58735,-0.58304,0.33406,0.54645,-0.91092,0.90457,-0.39149,1.0692
0.8266,-0.82359,0.72953,0.0038671,-0.25317,1.1976,-0.19936,1.201,-0.80236,0.051675
0.86917,-1.3379,-0.37178,-0.90371,-0.12924,0.94071,-0.14196,0.33316,-0.47421,0.73047
-0.090867,-0.26259,-0.023283,-0.18175,-0.029668,0.7481,0.3691,0.9421,-0.48284,-0.1183
0.51231,-0.92295,0.55373,-0.31833,0.35295,1.83,-0.16051,0.64065,-0.89282,-0.11062
-0.04966,-1.5809,0.54066,-0.88376,0.80593,0.5878,-0.40459,1.12,-0.31843,0.097504
0.22456,-0.83317,1.068,-0.5972,0.23965,0.97778,-0.22645,0.77286,-0.38025,0.0084676
0.34882,-0.28811,1.0024,-0.30936,0.6341,1.0882,0.17078,0.88771,-0.77873,-0.073984
0.58157,-0.56777,1.0964,0.12257,-0.19799,0.83199,-0.74159,0.99,-0.65218,-0.58251
1.109,0.29092,0.44164,0.84696,-0.029273,0.21803,-0.37116,0.94645,-1.1038,-0.70984
0.62169,-0.52529,0.45275,0.90021,-0.1885,0.46189,-0.021198,0.8305,-0.59984,-0.085194
0.41031,-0.67436,0.44119,-0.35872,0.26013,0.96554,0.41051,0.88294,-0.88318,-0.29566
0.14737,-0.48895,0.70399,-0.59049,0.40103,1.247,-0.0016818,1.3243,-0.80611,-0.11146
0.61967,-0.74622,0.57602,-0.060369,0.23416,0.9983,0.37805,0.98895,-0.7724,0.030611
0.72862,-0.47546,0.40662,-0.21429,0.59058,1.0586,0.078074,0.92404,-1.0523,-0.86428
0.20502,-0.75274,0.43978,0.30476,0.85276,0.81498,1.1091,0.66502,-0.76127,-0.19644
0.86883,-0.36123,0.438,-0.023832,0.042731,0.25149,0.21082,1.1178,-1.0901,-0.32733
0.19027,-0.40458,0.98561,-0.13169,-0.050913,1.2373,0.096769,1.4627,-0.6681,-0.56144
0.29921,-0.48774,0.28725,0.48046,0.38967,0.53712,-0.1412,1.298,-1.2048,-0.62072
0.69572,-0.40994,1.0003,0.72012,0.4243,1.3274,0.16172,1.0023,-0.71544,-0.22637
0.45533,-0.7532,0.37424,-0.63586,0.34277,1.6099,-0.65282,1.2279,-0.28345,-1.3668
0.28587,-0.75696,0.27378,-0.39329,0.36843,1.2549,0.5207,0.73545,-0.91028,-0.14587
1.0569,0.022992,0.50125,0.38762,0.44627,0.52338,0.22231,0.96518,-0.86922,-0.0062226
0.87722,-1.025,0.88495,-0.37391,0.6325,0.24237,-0.63434,1.1465,-0.55452,-0.15362
1.6605,-0.35741,1.2056,0.072342,-0.41646,2.0528,-0.93099,-0.2122,-0.64945,-0.98795
0.92408,-0.58383,0.48329,-0.20805,0.20723,0.80846,0.27397,1.1751,-0.99359,-0.24006
0.91036,-0.67281,0.38138,-0.48587,0.54808,0.62594,-0.34147,0.86214,-0.94917,-0.75393
0.11469,-0.44393,1.1312,-0.36927,0.97894,0.93654,0.61944,1.1353,-0.6132,0.20419
1.3646,-0.10563,0.099962,-0.029219,0.34962,0.73807,0.2588,1.4974,-0.66962,-0.58282
0.31566,-0.65391,0.53346,-0.062529,0.50481,0.94567,-0.033356,1.4064,-1.0436,-0.64361
0.89213,-0.53656,0.77401,0.05245,0.25055,0.71016,-0.21437,0.84852,-0.9107,-0.44164
0.19864,-0.23807,0.36406,-0.1522,0.37414,1.3353,0.41696,1.3115,-0.86698,-0.88027
0.92994,-0.51498,0.58232,-0.21218,0.28593,0.87478,0.011331,1.0943,-0.60493,0.062593
0.5442,-0.52835,0.8717,0.31848,1.4416,0.14998,0.12909,0.72898,-1.1374,0.10334
0.77654,0.515,0.96357,0.17129,0.45408,0.76722,-0.62895,1.5301,-0.73725,-1.0753
0.38906,-0.16037,0.68235,-0.010327,-0.10884,1.2298,-0.065615,0.88484,-0.75667,0.27091
0.89962,-0.54006,0.24726,0.35136,0.52745,0.67471,0.45379,0.95667,-0.92644,-0.048234
0.25497,-0.7787,0.82213,0.11061,-0.079845,0.76818,0.19777,0.74423,-0.41187,0.28164
1.0472,0.24276,0.32273,1.4184,0.85803,1.0477,-0.22817,0.72162,-1.1803,-0.58863
0.72729,-0.28887,0.59465,0.52521,0.83819,0.93418,0.12307,0.79732,-0.63756,0.013081
0.62169,-0.78598,1.0148,-0.71192,0.52479,0.66293,0.15535,1.253,-0.35827,-0.88371
1.3067,0.41332,0.049609,0.049216,0.23228,0.97667,0.49916,1.0621,-0.75158,-0.47188
0.3534,-0.43226,0.47705,-0.14508,-0.013087,0.66574,-0.10053,1.3443,-0.68289,-0.11383
0.75555,-0.46189,0.30661,-0.37761,0.20408,0.76261,0.19742,1.3471,-0.78482,-0.49717
1.3008,0.10517,0.20725,0.1151,-0.050579,1.5604,-0.12157,1.1672,-1.2009,-1.1947
0.46285,-0.14648,0.51766,0.15623,0.36029,1.0401,0.19768,1.1269,-0.61134,-0.11123
0.61753,-0.19294,0.25567,0.1816,0.45129,1.5214,-0.029166,1.305,-0.91558,-0.16192
0.49115,-0.31116,0.9352,0.022547,0.33974,0.56091,0.59571,0.85287,-0.85726,-0.2522
0.57126,-0.28337,0.19127,-0.026587,0.94011,1.3846,0.018144,0.55411,-1.0909,-0.44098
0.84487,0.014133,0.36612,0.058511,0.89076,0.9988,0.84266,0.73308,-0.79692,-0.33837
0.62337,-0.81416,0.63771,-0.36592,0.80837,0.54091,0.46001,0.69674,-0.87473,-0.020221
0.40481,-0.054655,0.3812,0.40451,0.4841,1.282,0.3594,0.62687,-0.63527,-0.50866
0.42567,-0.58015,0.090449,-0.14976,-0.31177,0.44494,-0.069763,1.2919,-0.28702,-0.16086
0.24959,-0.68475,0.22099,-0.66664,0.48789,0.91088,0.16366,1.3184,-0.88531,-0.1258
0.95797,0.060638,0.31529,-0.66433,0.19289,0.53362,0.70451,1.2777,-0.88247,-0.14785
0.33933,-0.21433,-0.94131,-0.48281,1.1641,1.1695,-0.14361,1.3884,-0.52805,0.079456
0.80654,0.43717,0.72681,-0.16904,0.39561,0.99388,0.11465,1.6066,-0.47932,-0.086036
0.26295,-0.31989,0.50298,-0.0592,-0.3147,0.32665,-0.17813,1.2791,-0.59566,0.06825
1.3646,-0.18827,0.51553,1.0759,0.23804,0.97946,-0.43652,0.59632,-0.29963,-0.29937
0.95366,-0.64963,0.18942,0.4898,0.4747,1.4401,-0.17916,0.50494,-0.8409,0.2026
0.65882,-0.39903,0.77469,-0.29082,0.13047,1.0838,-0.35902,1.5364,-0.85297,-0.7591
0.56134,-0.082636,0.69643,0.081059,0.79344,1.1592,0.1101,0.98457,-0.75306,-0.19353
0.87742,0.18545,0.75468,0.19855,-0.36343,0.96082,-0.093741,0.96326,-0.5246,-0.17613
0.58384,-0.39082,0.2556,-0.44401,-0.16863,0.489,0.18793,0.91728,-0.77767,0.33991
0.98296,-0.32288,0.42616,0.62315,-0.57026,1.2793,-0.74818,1.0876,-0.81745,-0.35336
0.44379,-0.3278,0.28662,0.0086012,-0.012048,1.8138,-0.063676,1.5682,-0.73681,-0.57184
0.11692,-0.49898,0.87281,-0.12742,0.53152,0.49696,0.33586,1.0815,-0.72905,-0.14477
0.73736,-0.28116,-0.48712,-0.038893,0.20894,0.58133,0.25038,1.1503,-0.95446,-0.60734
0.88921,-0.3845,0.014491,-0.17122,-0.34332,0.90492,0.24915,1.2169,-0.72652,-0.12003
-0.18014,-0.35159,0.27906,0.041924,1.0405,1.5569,0.44351,1.1188,-0.96001,-0.42471
-0.07387,-0.69086,0.36781,-0.089412,0.46174,0.4019,0.65576,0.84934,-1.1989,-0.27964
0.62685,-1.1888,0.27565,0.54545,0.0031653,1.6304,0.34919,0.80576,-0.37941,-0.88373
1.5219,-0.087348,0.16234,0.2922,-0.056221,0.70401,0.0077331,0.80871,-0.91519,-0.6397
0.4869,-0.3891,0.51406,-0.5013,0.66526,1.9139,-0.1282,1.1421,-0.41635,-0.56448
0.64363,-0.24342,0.11445,0.093647,1.0524,0.66659,0.41924,0.99074,-0.97987,-0.24124
0.27239,0.19644,0.52792,0.40671,0.577,0.35996,-0.80149,1.877,-0.96946,-0.32366
1.359,-0.018087,0.51428,0.1444,0.13652,0.88476,-0.015084,1.2999,-1.3101,-0.46517
0.97152,-0.11671,0.61217,-0.17202,0.10761,0.71788,-0.052853,0.9623,-0.86528,-0.54129
1.0587,-0.80872,0.56936,-0.19733,0.18189,0.93343,-0.076977,0.80421,-0.74347,-0.11986
0.89059,-0.12895,0.3556,0.48573,0.66769,1.087,0.11724,1.3743,-0.75265,-0.81135
0.82414,-0.38893,1.0694,-0.58885,-0.013282,-0.074858,-0.91888,1.2842,-0.9835,-0.53185
