6.6531,13.69,17.553,-11.933,-5.7564,15.436,-12.137,8.2241,-4.884,5.3493,17.351
-5.6305,-18.938,18.645,-6.1558,-25.989,15.41,-16.596,9.4547,-2.8772,-6.0094,19.211
9.7215,-9.9825,15.571,-32.224,-5.5958,24.321,0.83277,10.795,0.72757,10.393,7.086
-4.6358,-10.716,20.357,-9.0021,-4.9206,-4.262,-1.3058,0.94998,-8.6341,0.19845,0.0067714
-12.841,-20.388,9.4919,-7.0385,-9.9211,-3.7161,-9.3847,-2.3255,-13.519,11.007,14.003
-1.1635,-16.766,1.7259,-20.025,-11.136,25.631,0.13745,0.5906,-7.0207,-8.702,1.4088
10.212,-8.9245,12.74,-10.781,-9.4646,8.9757,0.199,4.2021,-7.7315,3.0029,9.4086
8.4712,-19.359,9.9105,-2.1284,-10.813,9.3217,12.909,-0.42484,-4.9068,18.879,1.8721
-2.6594,-12.959,18.13,-5.6247,-0.37656,13.589,-13.257,8.8909,2.1888,9.7729,1.1039
15.108,-16.431,19.707,-19.812,-1.6445,-6.4442,-6.1212,7.0423,7.2325,17.223,-2.9569
-0.1122,-24.247,29.199,-8.0656,-10.418,11.621,2.5616,-3.4125,-5.3897,-5.7955,11.464
-0.15423,-24.233,3.6066,-5.623,-14.417,6.7292,-0.62907,-2.4085,-3.602,-5.6222,-3.6847
11.148,-15.264,21.708,-17.421,-9.236,-12.268,-4.6767,17.254,-12.631,-1.2267,4.6654
17.534,-6.436,15.712,-15.192,-2.4887,21.372,6.3216,14.331,-5.4052,-3.2768,5.1781
6.2807,-10.239,15.879,-11.929,-10.441,7.0447,10.869,5.8755,-7.2576,6.6524,1.7704
2.4654,-9.2025,10.541,-4.4878,-6.1245,1.5648,3.4325,9.8792,4.3233,10.437,-0.837
12.191,-11.969,12.51,-19.492,-0.75007,12.719,-6.4658,8.3334,-4.6733,5.7935,-0.3796
8.6845,-17.206,23.032,-12.426,4.513,12.355,-9.1504,-9.2381,-15.549,-4.5262,0.59829
21.513,-10.613,23.677,0.1682,-0.87994,6.6211,-13.012,-9.8903,-8.4242,11.849,6.424
-3.5275,-10.264,24.007,7.6685,-9.8476,-7.2532,-8.8005,16.083,-4.9259,-9.0482,13.884
12.412,3.151,14.828,-10.483,-8.2501,-7.9827,-20.767,30.689,4.6225,12.235,23.167
20.947,1.0482,8.2963,-2.595,-14.062,8.7766,-21.886,9.7693,-20.071,13.872,4.1979
9.6663,-17.417,30.193,-10.721,11.53,17.61,-14.572,4.8544,0.24212,11.079,11.915
1.4959,0.77271,1.3642,-3.4643,-0.59695,7.7806,-16.704,-0.63656,-12.44,6.4613,18.082
16.784,-4.9227,11.162,-22.535,-6.121,8.2988,-14.839,6.6646,-3.9254,13.219,2.4594
14.71,-11.051,13.088,-21.61,-0.77847,8.9751,-7.9576,5.7562,-4.1104,7.0474,-7.6442
2.0086,-17.432,14.395,9.53,-12.724,11.588,-3.2487,18.183,-5.755,-4.6132,5.4614
-1.8456,2.8392,18.643,-3.4552,-4.4359,12.045,-11.324,20.13,-1.7918,-14.051,16.14
20.507,-1.7466,21.147,-27.537,-9.6247,24.729,-18.732,8.3309,-0.39716,9.1972,9.7426
4.878,-4.515,24.551,-9.5641,-10.736,5.3462,-7.8034,-0.82644,-9.3618,1.4256,10.455
5.127,-18.517,11.422,-28.993,-5.798,-15.989,-12.04,31.297,8.2032,8.0357,19.52
11.492,-3.1594,18.251,-15.97,-8.1238,11.585,4.1481,6.9317,-6.0349,1.5955,6.1257
4.176,-11.458,29.682,-12.339,-7.526,10.111,-5.7061,-4.3518,-3.2729,15.15,5.6038
14.951,-5.1733,21.386,-11.144,-16.183,-3.3459,3.7587,17.651,-6.7727,-7.2891,-4.7977
7.8046,2.4601,18.66,-3.9421,-0.90643,5.2326,-9.9164,10.966,-13.091,-0.68285,19.613
10.475,-8.651,16.377,-24.899,-5.7127,15.059,-0.81715,17.792,-12.986,-1.9737,17.926
3.2374,-6.9616,13.559,-1.0174,-8.3688,19.215,-1.5486,1.4486,-0.28751,14.862,9.3338
2.4443,-23.898,7.7852,-6.0059,-16.681,8.4996,4.7174,13.211,-6.0145,-0.50116,3.4327
-3.5076,-1.5877,6.0773,-12.589,-20.748,19.13,-22.873,15.48,-9.9614,-4.3335,16.183
11.622,-0.22972,10.006,-9.7007,-14.765,26.934,-9.2999,13.109,8.9762,8.1572,18.663
6.8532,-1.5716,12.739,-5.0774,-9.1925,3.7664,-2.8111,14.76,-2.7178,5.079,12.446
14.352,-6.4658,15.6,-9.982,0.64227,17.9,-2.6716,7.3718,-5.8234,10.749,7.372
7.3188,-14.882,4.9241,-2.2311,-8.3633,13.053,-12.836,-3.9765,-11.172,10.439,9.5681
9.2534,-13.037,23.218,-17.793,5.5186,1.904,-1.2488,-10.092,1.6711,-6.9755,7.9293
-3.045,-1.2315,17.134,-10.228,-10.983,22.813,-10.858,18.277,-3.8783,3.9491,16.42
6.5398,-8.4813,29.78,-18.296,-10.153,-6.4583,-6.8706,7.6402,0.63631,12.36,2.5412
23.689,-11.237,15.581,-29.538,-6.2463,16.572,-21.142,7.5347,-0.45405,0.96694,10.57
5.1315,-1.7369,20.369,-12.952,-11.219,23.103,-10.825,21.947,-9.1278,6.6852,3.5461
0.39943,-11.732,12.251,-3.6557,3.7129,21.909,3.8947,18.92,-9.6406,-4.6431,10.85
13.554,-13.397,10.909,-9.096,-5.0925,-0.91367,3.9649,1.2276,-8.5298,-0.69236,15.425
8.7718,-11.981,14.211,-5.9838,-6.4176,1.0892,-5.5774,-11.615,-8.5385,18.579,4.7281
8.8233,-19.369,5.3675,-10.655,-12.322,-3.9719,-16.368,1.3164,-8.0608,6.6751,5.7989
10.441,-20.122,8.2232,-2.1544,12.277,-4.3839,-11.544,3.1272,-0.23743,-1.6946,4.2068
20.035,-8.8748,16.005,-9.7445,0.26271,-3.7484,-12.963,0.59009,-15.512,3.2854,14.606
16.798,-3.577,13.003,-21.701,-6.941,16.887,-16.454,11.091,-4.646,-0.96889,16.021
10.363,-13.692,24.722,-17.77,-21.321,11.426,6.9197,4.7334,-8.3136,-5.021,-4.0553
-5.6892,-9.7074,22.258,7.8908,-11.398,34.445,-9.8364,-0.17984,-13.261,15.201,7.5958
2.1746,-20.446,15.128,-11.158,-5.7289,11.029,-10.341,-5.4993,-10.622,9.4037,17.215
-10.353,-15.479,8.3182,5.4677,-6.0233,5.0488,-5.5688,-0.70851,-20.516,4.4974,6.214
4.42,-15.701,17.388,-7.8922,-7.5537,7.5572,-3.2183,14.975,0.61622,-16.327,27.563
8.6078,-4.7186,12.547,-10.38,-11.405,9.819,3.9963,1.8383,-8.1889,4.4301,10.305
-4.0635,-15.335,1.86,-18.106,-9.2716,-5.5933,-12.329,2.2659,-9.131,-2.3451,11.484
16.453,-15.32,17.284,-5.8967,-2.941,12.148,-3.4226,15.684,-20.903,-0.3069,-8.4818
-1.9075,-10.191,5.0414,-31.54,0.76137,2.6712,2.1496,11.921,-10.353,-5.4728,-7.5798
5.965,-1.7863,18.287,-10.269,-1.5444,13.946,3.613,4.2705,-1.3275,-11.975,5.4888
-3.8569,-4.0359,14.791,-10.74,-2.6514,16.566,0.05614,5.036,-8.6402,6.1697,5.2851
3.7565,-7.64,17.59,-12.083,1.8752,8.7157,-5.2885,-5.1296,-7.3321,1.8157,-0.23681
-0.28046,-7.2402,3.2434,-19.847,-16.236,6.9509,-9.7014,-7.1812,2.5307,5.3813,6.8308
18.292,-16.936,11.265,-7.0644,-20.084,12.883,-7.066,5.9826,-10.141,0.59405,-1.8747
-2.6656,-1.7933,-3.3127,-11.771,-22.949,0.6577,4.0409,2.6841,-4.217,-12.993,6.6576
-2.1208,-22.573,10.639,-2.0649,0.94287,-11.136,1.7479,22.794,-3.7267,4.054,-1.1856
7.8695,-0.25357,17.685,-6.4414,-6.6073,20.223,-17.989,11.271,-4.8738,4.3639,14.255
-3.817,-7.481,18.256,-15.592,-9.0847,16.352,-6.6119,16.932,8.1581,18.409,8.4802
6.5052,-10.36,6.8634,-12.131,-18.629,25.921,-11.675,10.116,-3.5757,6.1056,7.951
-4.582,-8.699,17.968,-16.377,-7.6627,11.342,-20.977,-14.667,-2.3454,-5.0007,20.494
14.143,-8.2456,8.9513,-1.3444,-4.0233,6.8314,-11.191,17.756,-13.656,6.3223,8.0064
8.4773,-6.1037,21.936,-21.779,-3.4099,7.2023,-4.9571,8.6817,1.0173,-3.4856,13.552
-12.693,-11.499,0.026479,-8.809,-16.234,-6.7018,-10.635,-8.2743,-12.429,-2.3964,9.1341
11.258,-3.29,11.412,-5.6298,-10.902,16.291,-0.43315,3.4459,2.6408,12.12,12.09
14.552,-38.594,19.161,-11.379,-24.68,29.394,-10.256,4.4096,-20.899,-6.9977,2.4243
-2.6247,-15.727,13.665,-17.92,-11.488,12.303,-7.5621,24.643,-5.2376,-4.0547,23.703
6.9202,-10.31,10.774,-18.28,8.5176,15.824,-7.1426,1.1453,-11.484,4.3538,5.1625
-1.3545,-11.715,7.1416,-7.6916,4.2064,37.273,-1.2121,-0.33346,0.78619,1.2146,10.903
2.6501,-10.988,17.011,0.35324,4.9916,18.185,-6.2189,16.507,-15.879,12.461,5.6755
-7.0753,-15.586,18.598,-4.1883,7.5461,11.189,5.0176,11.907,-5.3395,3.427,9.0059
2.7021,-2.7615,-4.4196,-20.737,-1.2727,4.9198,-4.0505,3.357,-13.307,1.7048,12.212
3.9682,-0.94844,16.391,4.9256,-30.252,14.208,-11.776,14.966,-10.949,0.96775,22.231
6.1641,-2.8747,12.143,-18.566,-8.2183,11.864,-15.415,-1.7164,-3.3577,-3.5754,13.007
6.4219,-2.9858,15.063,-17.866,-3.7012,13.472,6.7695,11.938,-5.6175,-7.8771,7.4265
5.3062,0.45303,5.6401,-17.182,-16.783,10.678,-2.9789,-4.5153,-7.5877,-0.19194,19.323
-5.0652,-8.2001,18.244,-5.8927,-12.384,11.197,-10.764,17.468,-11.945,1.1013,-0.6292
4.9485,-17.452,8.5508,-10.807,-17.395,14.021,-3.3122,5.1456,-12.708,-4.5658,15.126
10.723,-4.492,15.968,-3.8557,-6.0461,30.805,3.3189,11.752,-1.8204,-5.4647,9.5957
6.7346,-15.273,12.347,-2.557,-9.6073,20.092,2.8062,7.8529,-20.086,8.3238,6.4206
11.369,-7.5238,7.1674,-22.765,4.468,4.0971,-4.2074,16.326,-1.7518,-5.8336,19.707
5.2197,-4.9166,8.6586,-19.839,-15.03,28.334,-23.889,11.914,-10.134,-10.287,6.843
-3.5695,-13.062,24.502,-7.9309,-17.615,18.015,0.77854,0.50656,-5.7926,5.3367,3.2936
7.0283,-3.2277,13.673,-11.95,0.99612,29.138,-3.4834,8.301,-9.1244,-3.5782,5.923
3.0944,-7.5232,16.659,-10.214,-17.19,14.683,-6.0649,-2.8114,-10.995,-12.071,10.838
6.2613,-10.662,13.507,-12.978,-5.9288,9.7938,-14.986,6.292,-13.393,-3.4991,3.9645
15.402,-2.7151,-1.5775,-0.15775,-2.8044,21.444,-8.7184,13.352,-4.3109,22.442,9.0614
8.1884,-1.0208,19.171,-14.672,-0.041047,13.918,-3.8583,11.023,-12.866,4.0693,5.2102
4.0442,-13.665,16.903,-23.582,-6.1842,6.5457,-16.101,12.79,-6.4225,6.0582,3.1336
21.303,-22.479,22.219,-10.334,-15.154,22.316,12.582,-0.54154,-9.4363,10.169,7.9093
7.5893,-20.299,22.452,-17.28,0.92984,6.654,-17.74,2.569,1.9193,-10.782,11.586
-0.14411,-0.73591,3.9723,-13.705,-2.4589,-1.5796,-17.548,14.635,-11.013,-4.2535,17.026
3.6918,-24.722,4.9365,-16.145,-6.7781,9.8243,-8.4159,-1.5458,-4.3785,13.155,-0.22861
-0.49141,-19.611,9.1753,-4.3785,-3.9061,0.51865,-8.5084,16.87,-6.7944,-5.8409,2.9331
-1.4586,-11.089,21.659,-21.552,-20.088,5.3701,-7.4053,-2.8618,-13.907,-3.6596,-1.8703
-13.256,-1.4203,21.021,-11.097,-11.806,8.6039,-9.9413,6.9894,-3.252,2.6487,2.6885
10.242,-18.633,18.213,-6.7101,-20.986,-0.12801,-17.016,7.0643,-8.1532,6.1159,9.3114
1.7981,-10.248,18.269,-18.709,-9.4776,11.528,-8.9192,17.238,-3.2843,24.183,5.2867
9.3113,-11.904,10.373,-15.812,-14.729,8.1727,-6.8049,12.324,-0.40538,-2.8029,19.65
11.398,-16.728,7.67,-10.157,-5.2256,9.926,-0.21775,-9.4471,-16.248,1.927,2.6056
11.087,-14.899,12.403,-21.828,-2.4381,20.694,-3.0189,0.64349,-9.8968,-4.9357,11.192
5.4422,-3.5952,4.7497,-13.837,-8.1307,14.181,-9.1656,6.0684,-2.3848,-0.8914,20.628
9.2573,-15.32,17.075,4.7618,-0.55636,5.7276,6.439,-18.716,-9.6979,6.0423,8.1463
9.1182,-8.2335,3.4523,-0.45348,-18.781,4.84,-18.724,20.999,-8.278,11.524,6.3719
9.0177,-7.3588,13.356,-8.7407,-19.845,5.2571,-10.926,10.668,-7.8084,4.2982,8.0383
3.7372,-5.7386,28.091,-12.958,-3.6073,9.3967,-6.5289,4.6859,-3.4768,2.2436,3.2543
11.067,-16.429,1.1656,-2.395,-7.8183,23.632,-9.5022,17.313,-6.8127,5.0026,9.3987
-1.3645,-15.738,13.36,3.2066,3.3005,23.028,-8.2101,12.178,-6.4311,8.4114,9.7702
-4.2323,-22.343,17.421,-14.498,-3.6762,11.531,-19.946,-4.3772,-2.5163,-9.9336,9.9943
4.563,-8.4969,15.619,-14.769,-11.961,14.881,2.5137,10.199,-9.7674,-18.315,5.1135
6.8571,-4.2911,5.1969,-20.204,-8.2163,9.0349,-6.561,12.838,-11.48,-4.7802,11.068
3.031,-4.8917,19.02,-14.477,-14.352,5.9282,-12.07,3.3252,-4.3142,11.03,20.322
1.8465,-12.118,26.447,3.5206,-11.958,16.496,4.7385,12.731,-5.2433,1.2997,8.6414
3.206,-11.722,20.661,-19.353,-3.6814,28.157,-17.78,11.538,-7.488,14.319,6.1079
7.5237,-10.515,18.06,-10.587,-15.405,12.032,-10.013,3.3865,-10.406,17.368,12.506
7.3332,-11.157,12.531,-4.4617,-2.6472,15.325,-14.659,-10.395,1.3335,0.87056,7.789
12.982,8.319,19.571,-17.001,-23.494,16.981,9.9967,20.387,3.9526,-4.3102,6.5541
7.8693,-8.5406,16.03,-6.1042,6.0698,-3.5393,-7.6995,13.587,-8.1451,-2.8236,11.625
22.109,-18.229,19.782,2.4681,-6.4171,3.2971,-12.173,5.9479,-2.5484,-0.43044,10.16
-8.9655,-9.7196,9.8504,-5.0332,-3.7538,11.714,-2.3679,10.149,-2.1512,-8.401,20.029
4.1103,-14.263,21.193,-25.034,-13.139,15.434,1.3248,-6.579,-9.3034,10.602,11.887
5.5422,-6.9259,4.4821,0.3622,-9.4019,25.327,6.6701,18.093,-11.125,1.8665,-4.3811
8.7339,-2.391,9.1803,-5.4872,-18.918,10.122,-6.4941,-3.6327,-5.9726,1.0535,-0.92631
9.4774,-14.617,16.585,-9.2767,1.1249,22.404,-5.3755,22.206,-8.3859,-2.6926,3.7965
9.9464,-10.775,20.997,-25.101,5.2663,-0.71937,9.5488,8.3691,-6.6858,9.9027,7.5971
-7.7333,-13.899,16.159,-13.057,-10.533,-1.4123,-6.3283,13.631,-6.7625,1.4218,0.59987
6.1395,-8.7489,7.5187,4.809,-5.6537,21.187,-2.5577,-1.45,-12.198,6.9545,6.5356
15.29,-8.5671,25.883,-25.965,-8.1441,8.5729,-7.2902,12.276,1.1062,-5.6883,7.0281
-2.9225,-6.5104,6.243,-17.289,-18.102,18.75,-12.882,4.5176,-6.7768,4.671,13.742
11.487,-6.2124,12.189,-0.87445,-20.833,-1.4744,0.48971,1.691,-16.847,3.0615,2.3144
0.39271,-15.367,9.3001,-10.934,-14.021,16.26,2.9057,3.0201,-5.2305,3.8556,12.247
11.988,-2.8972,12.47,0.24615,-5.5605,17.817,-5.3563,10.017,0.24643,-9.3072,5.5524
20.381,-9.3481,16.355,-2.507,-0.32385,9.6428,-5.5231,1.7236,-4.8839,-18.502,0.31379
-14.697,-17.209,14.526,-20.475,6.1593,12.879,-13.942,4.0084,-5.9741,17.808,13.139
3.7691,-10.473,14.225,-9.0337,-1.6216,13.147,-2.4635,13.762,-10.799,0.93846,7.9819
0.013154,-16.74,9.1055,-16.27,-9.8506,-7.3131,-14.175,5.4082,-4.6922,-9.7889,8.986
9.7166,-3.6939,18.698,2.3052,0.78349,21.196,-15.43,7.8693,-12.335,6.8239,3.6057
-1.5661,-8.1723,16.446,-3.45,0.76079,1.4177,-4.1482,6.5046,-17.194,6.1691,11.066
12.214,-3.5362,13.105,-20.286,-5.7463,9.9136,7.6558,3.0216,-4.753,13.333,3.431
-0.94638,-10.687,13.917,4.0357,3.7941,29.444,0.19663,6.3092,-6.1283,6.1422,-8.812
6.1046,3.1815,-3.3184,-23.429,-14.56,20.376,-8.4344,6.8503,-17.519,-4.5841,5.4158
-1.4865,-9.6852,7.1193,-16.95,-5.5331,20.426,-12.665,10.049,-2.3655,5.2134,17.917
-2.7754,-3.5291,16.775,-6.2284,0.69875,-4.0092,6.9945,20.85,-3.2291,-6.7025,2.888
4.4617,-15.484,10.578,7.8315,-19.407,18.627,-7.7035,8.9806,-0.22229,-2.4852,15.112
10.307,-8.857,23.642,-10.135,3.8577,10.584,-0.8779,-4.312,1.6365,20.01,14
1.7359,-4.9302,-3.2075,-11.292,-7.0412,18.708,-10.804,3.1554,-5.0877,-4.2919,3.6937
-7.4205,-6.2016,10.255,-7.9534,-8.4586,10.762,6.8267,12.929,-7.6405,15.177,19.267
-3.7228,-11.662,5.9194,-18.049,-6.3686,23.235,-0.65136,12.86,0.25746,-6.5267,2.327
-1.1886,-9.9983,9.9851,-17.2,-17.964,22.563,0.11833,20.238,-6.6133,6.9765,19.556
14.654,-14.883,16.51,-8.9376,-3.5088,-1.7365,-6.4267,2.3522,-8.2245,12.047,11.707
9.0107,-6.0736,9.3187,-18.937,-5.7244,0.66701,6.1125,20.046,-3.7153,10.019,18.16
-4.9304,-17.675,11.097,-14.143,-21.632,-8.4562,-8.7789,7.6726,-6.0173,17.56,14.957
18.829,1.1716,-0.17712,-3.6043,-3.4133,19.523,0.90354,18.085,-11.911,-7.9211,18.582
6.184,-8.6436,5.7536,-12.844,-17.335,6.1412,-9.8325,9.4816,-8.9467,-1.28,9.4132
13.2,-1.1326,11.113,-4.5351,-6.8517,15.994,-13.683,-5.5087,-6.4552,4.524,6.2788
15.815,-6.8605,27.245,-4.1846,-16.062,-1.1366,-9.9061,-0.14001,-8.0667,6.7072,15.765
8.9285,-6.3027,16.043,-11.924,-1.5603,9.7685,-1.4026,13.706,0.89448,-0.98685,15.197
-1.1693,-22.967,20.389,0.34347,-13.898,17.401,-3.7269,9.9952,-5.1662,-6.6802,8.695
5.3374,-2.7486,17.843,-13.655,-6.7319,7.0585,-9.9072,18.032,-6.4651,8.9441,7.4182
7.8341,-5.4306,18.541,-6.3554,-12.539,8.7884,-19.253,6.4664,4.3879,-11.137,12.326
18.704,-1.0629,-2.6735,-20.952,-11.169,17.255,-7.2584,-3.4563,3.8499,-1.8454,5.3589
8.5113,-16.107,29.177,-21.298,-29.856,0.99546,-7.267,8.16,0.98561,7.7295,-12.967
-5.5139,-6.8387,4.0268,-7.0591,0.96788,15.206,4.9479,5.3624,-20.478,11.958,16.785
5.1704,0.17963,10.487,-18.262,4.9534,14.523,2.7496,11.38,-3.266,5.4722,18.036
2.099,-11.165,16.265,-15.38,-4.9067,-9.0594,-7.5841,7.2849,-7.1515,8.5197,13.153
-7.7228,-10.059,3.08,-13.696,-17.673,11.218,-6.1735,24.095,-0.47819,-8.6135,4.4175
9.6957,-13.597,6.2647,-9.7936,-13.548,1.7011,-32.281,3.3757,-5.2189,7.787,4.4422
-5.7051,-4.235,24.643,-10.456,-4.1528,-0.5085,-7.1424,6.879,-1.9806,7.5909,11.814
6.1983,-1.8511,18.395,-28.121,-12.16,5.4925,-11.325,7.6611,1.9466,12.096,14.083
2.806,-10.467,8.3427,-22.042,-14.958,-4.7767,-7.0988,8.1016,2.4412,6.392,0.9075
-14.32,-2.7577,16.418,2.7022,-0.30848,24.566,1.0978,1.479,-10.81,0.57287,3.3439
15.07,-3.8162,18.902,-7.7843,-3.2418,20.611,0.53463,-9.2039,-12.22,12.051,7.8758
5.1597,0.75578,6.6383,-16.389,-16.065,16.867,0.18716,17.419,-3.2898,-9.6369,8.4268
6.0979,5.5115,22.685,-15.878,4.2293,15.189,-17.864,24.741,-2.0721,-4.8232,14.519
11.558,-20.799,11.317,-10.61,-18.797,14.123,-17.305,-7.0165,-8.6136,-4.0096,3.1419
3.4646,-5.3876,10.854,10.576,-20.209,8.4368,-13.243,11.182,-8.499,5.8327,12.001
18.375,-0.87025,0.27195,-19.708,-5.8571,1.8538,-3.1662,9.3633,4.4079,8.3063,14.815
-2.1418,-10.616,7.3431,-4.075,-11.593,3.7187,-9.741,0.7741,-11.237,5.9368,-2.2592
16.974,-8.0958,13.163,-17.535,-8.8497,12.356,-8.3866,11.111,-6.9634,-8.5231,15.317
8.4799,-12.778,5.8038,-10.71,0.076022,-5.658,1.134,28.268,-10.621,-4.9073,6.241
2.7878,0.70645,9.2583,-4.146,-6.3809,12.418,8.6458,11.436,-8.8555,3.1999,4.629
11.249,-9.7617,14.972,-9.0864,-0.8841,14.966,-12.365,1.8184,-4.9195,5.2141,12.803
-4.2604,-8.4744,-1.6219,1.1902,-4.3509,-0.5838,-0.20055,2.1356,1.533,0.15613,16.466
1.4828,-11.116,14.976,1.895,-7.4298,18.632,-4.9419,-1.7737,-11.393,13.01,6.0794
19.862,-7.8575,5.644,-4.4395,-0.84604,26.411,-28.742,13.099,-14.189,-2.0102,10.575
3.1738,-11.163,14.698,-27.969,-6.7816,18.421,-8.3808,-2.5601,-4.1594,4.0559,13.917
5.4748,-13.916,12.609,-9.5335,-31.311,27.579,-2.1155,1.264,-6.8638,2.6224,7.9509
-3.5552,-7.3447,12.542,-10.184,-0.49976,18.161,1.0866,-1.7343,-18.251,1.4409,10.631
5.6738,-1.2691,21.444,-15.881,-10.41,18.343,-13.297,6.0831,-11.788,6.118,11.24
6.8661,-7.8154,10.878,-6.2685,-8.1062,9.7241,1.9677,1.1208,-4.667,9.4148,3.8437
10.414,-6.1702,8.5752,-11.769,-0.073099,13.804,-10.317,11.424,-2.4666,6.7148,17.4
15.784,-8.2606,1.2547,-9.7133,-8.7993,15.705,-10.482,10.78,-12.355,-1.004,-6.2752
-0.78409,-2.6907,24.383,7.4503,-10.666,2.1351,-2.0139,6.7026,-8.8662,0.23658,11.588
10.964,-5.3602,21.297,-14.624,-4.2789,12.495,-18.489,6.8664,-5.9054,3.5039,8.8228
0.58057,-10.035,2.1039,1.4136,-13.514,11.318,8.9553,11.36,-13.915,-5.426,8.6886
-10.373,-33.578,14.393,-3.3739,-12.078,1.4154,-6.6754,-7.3372,-4.686,3.7006,0.94967
10.441,-16.472,1.2281,-4.1165,-23.015,13.862,2.6257,-0.19395,-14.068,11.805,11.676
-0.84269,-8.3435,5.1622,-16.958,-8.4659,6.1312,-13.125,-3.1266,-4.2463,-8.4803,23.735
6.7668,-4.4076,10.306,-4.4009,6.7543,23.585,14.645,16.289,-17.196,18.159,2.3662
19.261,-16.058,5.6582,-5.9935,-2.42,4.7076,-3.5607,6.7056,-2.6986,-0.8604,-3.2229
5.4085,-18.739,13.614,-1.9998,0.74377,5.9567,6.398,6.8048,-4.2034,-0.9144,-3.6819
0.7859,-6.2874,13.543,-19.385,0.43323,12.349,-7.654,20.687,-9.3009,-1.6767,19.491
12.1,1.2308,9.7135,-15.066,2.2342,3.6149,-3.7841,10.913,-7.5578,-8.2502,2.6437
20.825,-10.072,18.011,-18.158,-10.488,16.643,-11.98,-0.062708,5.3901,-8.0859,6.4185
1.0815,-12.691,31.537,9.4774,-15.677,1.1063,-10.324,4.4183,-19.268,6.1746,5.6713
14.742,-3.6201,18.162,3.2674,-8.1515,-11.956,-0.16772,12.22,-14.266,-0.64011,16.251
14.931,-12.45,18.424,-7.5682,-11.479,3.7816,-8.8669,14.291,-4.7406,6.8495,4.3462
15.091,-15.709,20.701,-19.026,-10.212,0.12221,-2.0795,10.89,-2.2078,6.5309,7.0699
-15.601,-20.351,18.335,10.487,-16.038,1.2831,-8.8796,12.141,4.8448,2.2262,-4.9707
9.3485,-6.5957,6.7675,-1.6864,-0.42264,19.893,8.9649,3.3909,-10.614,0.88494,17.643
-6.667,-11.967,6.7634,-10.364,-29.065,5.0475,-6.2678,-1.6229,-3.7796,5.6839,16.853
6.0232,-25.648,23.337,-12.429,1.5317,11.165,-12.769,7.6213,-7.6169,6.8554,12.247
1.7964,-1.6388,26.711,-17.41,-9.1376,9.9431,2.113,8.478,-0.55244,4.2734,0.21399
6.075,-23.858,11.693,4.8666,-11.308,-14.699,-6.385,-10.842,-14.239,-9.7035,4.654
5.8043,2.8177,8.8921,-18.037,-20.703,10.663,-6.1576,18.082,-4.7343,4.4398,7.497
17.439,-12.616,0.78921,1.7463,-13.325,-4.4847,-8.7285,26.461,-13.228,10.546,8.6634
7.0534,-7.7282,8.2314,-9.2097,3.2031,1.3834,-13.962,8.9846,-8.919,9.745,11.043
3.4882,-13.028,22.592,-12.199,-10.308,16.537,-2.2738,18.799,-10.818,2.0296,13.314
-4.6193,-9.5697,13.045,-12.859,-8.6698,11.828,-0.11191,-4.9535,-7.9486,8.3414,10.189
-0.34542,-9.8681,26.252,-25.749,-22.168,0.075066,-4.9023,2.7726,5.5388,-10.653,12.019
1.0727,-19.029,23.769,-9.421,-11.17,26.308,-9.9275,2.3611,-12.461,19.266,10.013
16.133,-10.288,17.921,-17.566,-12.548,-4.1994,-10.015,0.44672,-7.0325,-9.3001,-4.4197
5.6074,-1.2711,25.54,-4.7401,-10.359,19.843,0.70477,14.18,-3.9041,5.691,1.6712
-1.6035,-3.4514,18.496,-4.6239,-7.2017,17.961,-14.466,8.8087,-3.8838,11.929,17.336
15.634,-19.277,14.332,-2.4507,-7.7978,3.9927,3.416,31.424,2.907,-2.6868,12.678
1.5512,-2.6168,12.095,-2.0025,-8.4025,22.849,3.2448,7.1216,-1.4421,-1.7368,19.687
2.9564,-5.8987,8.5505,-23.299,-4.3814,16.696,-14.51,15.991,-10.993,12.498,12.671
-3.0932,-10.88,17.472,-15.876,-10.33,15.763,-6.9925,13.321,5.5419,5.3139,-2.0775
5.9712,-10.849,17.061,-5.7625,4.9607,31.289,5.4893,-0.82987,-5.2707,-2.2881,9.8732
4.7397,-16.468,16.945,-13.728,-14.77,-1.9725,-8.5831,12.993,-6.8523,5.0511,1.261
8.7827,-11.04,19.793,-7.4544,-11.136,-5.493,-26.637,14.116,-9.001,12.182,21.79
-10.033,-20.226,7.0136,-15.451,-1.4955,-12.882,0.26565,5.1998,-12.199,6.4888,2.8715
10.615,-24.81,2.0026,-6.9301,-19.523,8.5715,-5.6206,21.05,-9.8563,7.1284,5.8579
1.9215,-21.809,14.745,-15.897,-14.02,19.779,3.753,14.89,-3.0337,6.3926,-5.1221
-2.2859,6.0381,17.318,-16.839,-10.468,7.5062,-6.7964,10.779,-3.0687,17.908,2.2064
11.209,-10.743,10.281,-4.0827,-18.469,-2.5173,2.5248,4.2409,-6.8194,6.4294,-5.8396
10.43,-16.482,15.257,-6.399,-21.797,-3.7281,-16.64,1.8191,-4.5126,-0.98614,-6.0206
-3.435,-13.891,16.226,-23.277,-5.1365,6.1673,-10.559,17.223,-12.416,14.576,7.1987
12.647,-1.5363,-0.2876,-13.566,-10.609,16.828,-7.9382,18.469,-11.657,0.62377,17.704
9.5267,-10.231,11.086,-9.4735,-4.4652,24.835,1.6806,1.4083,0.54314,-8.7715,9.5076
-5.0028,-15.213,-1.3191,-11.637,-22.139,12.404,-1.9905,16.955,-8.2933,5.4148,8.5663
-3.9327,-18.29,7.6379,-11.635,-4.6551,15.035,-3.1029,5.8714,-9.6428,6.966,7.9703
5.8813,-19.448,27.308,2.1003,0.79416,9.4829,2.3804,16.955,-3.8644,-0.20892,8.6395
6.321,-8.1703,22.034,-4.2573,-9.0342,4.8382,-9.9852,-0.68816,4.3099,2.8838,11.124
6.3168,-14.527,32.12,-10.616,-0.50947,4.9722,2.3461,9.6687,-0.60313,14.535,3.2477
15.823,-13.987,13.299,-8.9515,-10.856,10.598,-10.102,9.3002,-2.7034,-9.5605,-5.4742
8.7731,-9.7002,15.509,-25.028,10.285,15.373,2.7209,3.0194,0.64469,-3.932,15.185
-0.43799,-17.106,15.605,-19.59,4.5447,18.652,-8.0555,2.9648,-9.4271,-8.726,3.4401
1.8152,6.5368,15.959,6.2319,5.5015,-4.8442,1.4426,26.645,-15.079,-14.621,11.307
17.032,-3.4122,17.668,-14.071,-8.9113,12.755,4.8571,14.808,0.05627,-5.029,2.4846
4.2286,-24.86,10.16,9.0329,-10.178,13.636,-8.5798,19.718,-0.53245,5.6287,8.4712
-3.8946,-20.973,7.341,-15.426,-16.684,-2.3281,-8.8205,-1.7341,-9.4747,-1.668,1.9447
-1.7368,6.5927,19.422,-3.3664,-6.9973,13.141,-13.974,32.84,8.0869,-6.0173,3.5162
8.3845,-8.6869,9.0153,6.8661,-1.7454,1.5329,-6.893,3.5912,-8.1092,-0.29634,4.1796
4.9541,-22.623,7.4891,-20.49,0.36757,4.9865,-1.9,20.495,-3.1421,4.5062,2.5069
-2.5444,-12.265,31.055,-27.124,-9.3631,17.969,-5.6572,16.757,-7.8153,1.9851,16.454
16.601,-9.3998,18.597,-2.434,-8.6536,8.8474,-3.0633,14.336,-5.9736,7.8247,5.7069
8.7423,-4.1502,11.57,-34.101,-1.859,19.874,3.2476,7.0363,-10.33,-19.953,4.2766
12.24,-11.909,22.319,-8.7158,-6.47,4.3137,-12.335,13.962,-1.408,-0.035963,1.9552
6.5267,-7.9449,15.908,-3.1119,-5.2793,26.697,-7.8091,3.2017,-9.8363,-3.4798,1.3337
-2.6001,-10.967,29.17,-6.6907,-16.178,13.114,-14.374,11.613,1.4619,-4.1786,4.6987
11.787,-11.235,9.4103,-26.866,-9.7582,2.4407,-15.991,-2.0292,-7.9384,-14.383,7.9975
24.815,-29.394,6.2191,-1.1853,-13.435,21.718,1.1388,15.766,-10.924,7.0191,12.853
-2.4046,-4.5386,8.1455,-8.3042,-9.0953,20.861,-9.795,-14.966,-11.837,4.2013,6.2343
-4.1152,-8.3147,20.037,-11.376,7.3566,13.823,0.78788,5.3768,-7.8455,10.548,18.957
9.4669,-6.8918,9.3117,-9.0893,-6.1776,9.4619,-1.4212,17.22,-10.559,7.7391,22.526
-1.869,-11.728,8.6679,-5.4753,-13.643,5.1553,-21.468,-3.7093,-7.4151,1.2043,12.962
7.4526,-12.288,8.643,-35.968,-11.929,15.113,-5.2429,19.4,-9.7214,-14.609,4.3933
6.1421,-10.602,20.245,-0.88891,-8.2575,4.551,-11.394,2.1668,-5.6933,2.5575,5.6511
7.011,-6.7741,10.515,-13.978,-23.08,-6.0873,-18.68,11.732,-3.3969,-10.603,-3.8022
3.6214,-11.797,-6.3481,-26.193,-11.371,13.462,-8.1155,-4.139,-15.128,14.222,6.6746
5.9977,12.716,23.934,-13.5,-13.037,18.784,6.249,20.369,0.1939,-2.0848,0.53073
8.0413,-11.384,18.635,-7.2741,-0.66179,-0.60659,-5.1601,14.308,-2.849,25.047,-8.3197
8.937,-16.563,29.002,-23.341,1.9,13.551,-13.24,9.079,-2.8658,16.994,6.8798
3.4706,-28.377,30.296,2.7873,-14.88,24.46,-13.473,8.5145,-0.41603,6.3891,7.1239
0.85518,-10.051,0.49467,3.7187,6.1365,20.995,-6.7793,20.144,-9.9159,-6.8995,23.246
19.729,-6.5267,9.6786,-6.512,-17.278,-19.691,-3.9429,8.3281,-0.75682,7.7772,15.858
5.5165,-18.008,12.022,-27.334,-19.461,16.489,7.8433,2.5194,-5.1385,0.66832,-1.2144
7.6834,-16.508,-0.10592,-5.8487,9.5268,8.5523,-4.4604,-9.9403,-5.8846,-1.6152,9.0753
8.9684,-5.8878,20.295,-9.6857,-6.7793,15.008,-5.5008,3.4189,-0.43814,15.954,13.238
15.046,-4.8883,-2.68,-22.818,-2.0424,9.0706,-7.5911,11.832,-2.7083,7.2427,-0.69689
-9.226,-2.2055,8.567,-15.38,-8.0262,1.6508,0.62547,0.75145,-7.2843,13.926,4.6438
12.676,-7.8068,25.602,-19.942,-12.939,14.471,-9.76,7.2501,-2.4779,6.7044,6.3788
25.604,-8.1697,8.1052,1.8695,1.1833,6.8572,-15.324,16.674,-4.8526,9.7544,21.238
15.754,4.9108,16.891,-1.1554,3.1684,11.738,-12.126,5.9257,0.91664,2.5422,6.2221
11.044,-16.005,17.678,-13.182,-13.832,6.1764,-21.909,7.6726,-4.152,21.604,11.565
-16.138,-11.166,5.2057,-0.87074,-8.361,1.9952,1.8515,21.594,-12.179,4.1262,16.257
1.5541,-9.3535,5.0511,2.4241,-10.363,2.7098,-16.072,9.2313,0.58137,3.1418,13.892
0.82788,-15.41,16.385,-13.724,-0.35633,22.686,-3.1857,24.569,-6.779,-13.713,5.5979
0.89107,-31.179,12.039,-16.281,-12.206,4.101,-13.133,2.9948,-2.8289,2.406,-20.152
7.2793,-12.059,11.228,-15.386,-3.6587,12.419,-3.2645,6.9169,2.664,10.781,4.0159
6.25,-14.77,12.793,-6.929,-6.8877,12.651,-0.055705,24.721,-0.25113,8.9364,3.9655
5.1293,-18.292,14.871,-7.7433,-14.065,18.54,-9.5149,12.64,-12.382,-2.9725,5.9843
6.4227,-12.187,28.138,-18.174,-12.07,-5.6618,8.2434,4.8767,-11.939,23.738,6.718
-14.887,-17.328,5.9198,0.54614,-12.711,26.892,-7.271,3.9202,-13.602,-4.4236,0.10361
6.1782,-11.887,26.444,-13.15,-7.8114,-12.415,0.088225,-2.0635,-5.1953,6.3702,2.5452
0.33217,1.529,13.932,-10.402,-12.664,8.6488,-0.17415,15.895,4.3815,13.858,9.2518
4.0541,-11.154,10.153,-29.299,-12.893,4.0116,-5.8032,11.984,-3.1228,3.4982,10.378
8.4019,-7.1049,13.571,-18.987,-1.775,12.519,-5.0687,-16.749,-8.6037,-8.7705,9.7565
-3.1446,1.095,-4.8025,-24.128,-8.3052,14.91,-4.9257,2.8526,-7.6587,7.1194,7.949
3.4892,-1.1772,8.0288,-17.14,-4.3686,2.2632,-17.819,16.918,-10.992,9.7693,7.9952
8.5337,-2.3469,4.5264,-22.53,-19.939,21.239,-15.561,9.8098,-8.8107,-2.1348,14.667
11.671,-18.98,13.811,-17.309,-6.865,20.655,-1.5025,3.2829,-3.1538,-9.4242,18.646
14.875,-4.8933,21.498,-8.9111,-24.695,3.2314,-12.155,4.6621,-5.1604,5.3205,7.9062
5.5042,-9.2614,8.0503,-7.4772,-10.246,13.065,-10.491,14.613,-0.19315,-4.1278,0.18422
-6.1022,-0.91107,19.433,-7.7427,-0.2414,11.381,2.0299,7.4759,-1.3693,2.2297,14.178
0.88069,-8.0728,-8.0673,-4.1383,-15.101,4.5257,-1.2745,11.112,-15.201,1.6286,27.259
-6.3307,-18.282,26.764,-20.114,-19.087,9.0916,-6.5712,12.423,-1.4986,-1.5034,3.2362
3.4637,-3.5702,7.9408,-7.1654,-8.3483,27.695,1.7121,-9.7411,-6.428,6.6025,10.37
8.1424,5.2722,12.642,-5.1365,-14.396,19.771,-10.513,20.312,-2.7191,7.459,10.836
11.498,10.538,21.489,-7.0839,-16.936,8.6519,-3.9099,11.539,-0.10083,-10.83,19.188
9.5385,-2.5272,25.193,-20.268,-4.2638,6.6212,-4.0971,6.1626,3.051,3.1668,11.857
14.326,-2.2256,6.9781,-19.287,-6.2844,2.6673,-11.332,8.0022,-9.6338,8.7196,19.833
0.84844,-15.994,16.673,-3.6876,-9.2989,0.87521,-16.301,16.321,-10.236,-4.7353,12.516
4.3568,-10.115,5.3255,-20.815,-3.6904,20.511,-4.8573,10.177,-4.2842,4.535,11.43
7.0072,-15.741,19.78,0.051527,8.175,12.346,-3.1104,10.747,1.2638,8.3585,6.1063
3.3389,-8.7711,11.58,-27.121,-10.335,14.276,2.9071,1.299,-5.1578,6.5554,4.2459
-4.7176,-0.39476,15.883,-22.855,-8.6213,8.3714,-14.88,26.679,-11.982,-12.064,8.3369
-5.5294,-13.5,9.8462,-15.417,-0.11159,12.432,-4.1145,6.843,-0.72623,8.9157,5.011
-7.5528,0.29896,17.201,-11.004,-14.651,16.567,3.898,-3.2358,-8.7296,5.1868,3.2809
22.283,1.1828,24.21,-13.353,-3.8958,16.814,-13.847,6.6167,-6.6112,-8.9637,2.0463
3.0243,-8.7116,-0.58281,-16.379,-16.155,-6.2199,-16.663,-4.3341,-12.427,11.129,16.579
1.8665,-9.0013,14.371,-6.0934,-13.383,-5.3165,-18.135,-6.4587,-9.2218,-2.7186,9.8838
8.675,-2.5502,11.488,-15.803,-3.6638,13.738,-12.306,5.7186,-12.208,4.62,22.941
22.324,-12.405,-5.6059,-13.914,-13.845,8.5844,-14.819,-11.203,-13.535,9.7784,12.551
3.811,-13.699,15.947,-19.731,-16.431,6.6826,-5.254,11.232,-11.905,1.766,7.4862
5.0423,-20.586,14.537,-3.0019,-3.7148,11.697,-9.4252,0.49704,-8.4386,-0.32977,9.0266
17.729,0.78051,-5.286,-15.002,5.63,28.679,-3.9551,24.438,-3.4928,6.4797,7.1711
-4.7021,3.7468,3.2963,-16.492,-10.569,6.9901,8.3511,21.305,3.9371,-6.5294,14.38
5.4286,-4.8679,-3.7602,-18.021,-4.4759,-4.9692,-12.859,13.879,-7.7595,-6.5103,7.0896
15.171,-17.983,-6.164,-1.1563,-3.3223,-7.5346,-13.74,-0.81808,-5.2746,9.7234,20.705
-0.069426,-9.0154,10.032,4.4238,-14.296,6.8536,-18.484,5.3882,-2.8524,0.41386,8.3672
4.9239,-13.666,8.3388,-14.377,-13.242,-0.76952,3.5492,9.7262,-8.201,-14.894,-0.61315
1.2642,-15.509,10.437,6.3809,-15.133,8.2491,-11.324,6.1386,-7.5719,4.7023,1.5685
4.2243,-3.607,24.807,-11.459,-22.147,7.4504,-8.0149,14.203,0.33982,2.868,18.43
8.5878,-16.131,15.293,-11.419,-23.773,3.7249,-8.1447,-2.0665,-7.9736,-0.35672,13.473
-3.9391,-25.667,19.354,-8.426,-4.2853,3.9762,-16.253,12.833,-7.1566,13.669,-9.0958
-14.389,-3.8606,19.367,-19.978,1.4476,15.404,-15.182,28.916,-2.7881,4.2735,16.638
8.8522,-18.14,19.011,-0.10314,-9.6093,3.2225,-0.24419,25.358,-5.6093,15.942,13.165
0.75697,-14.658,2.5323,0.93548,-17.572,32.858,-9.4,13.25,-19.054,14.749,17.553
0.50454,-8.345,23.234,-10.249,-5.6333,-7.7027,2.7723,0.21539,-7.8387,12.301,11.152
14.647,-3.4539,2.6327,-2.1768,-2.6292,10.9,3.3749,12.398,-11.579,5.793,5.3628
21.39,-14.822,9.9203,-14.916,12.809,20.155,-13.936,11.068,-11.856,-0.11816,4.6495
1.8202,-15.845,14.881,-9.4545,-7.4526,17.843,1.5834,16.738,-3.8829,0.12977,9.8481
-1.3817,-10.531,7.2277,-19.221,1.8925,3.385,-5.9061,16.838,-6.8168,1.8925,10.483
14.914,-2.7604,14.25,-19.668,-7.0749,6.781,-7.6861,0.96685,-13.334,0.055234,13.724
-2.0402,-15.058,16.829,2.4743,-7.4446,2.0379,-6.6906,8.8134,-7.0172,-1.0021,0.32437
19.977,-16.828,25.704,-4.6557,-0.70479,-6.3653,-7.9544,13.429,-3.7007,19.68,10.467
1.2873,-19.342,3.6173,6.5772,-14.504,21.799,-19.225,13.261,-5.7875,5.8363,15.309
-6.4018,-2.3279,12.844,-6.3364,-7.7044,9.175,3.215,10.765,-3.7893,-6.977,6.8157
15.958,-9.1323,6.8898,-4.0939,-14.686,0.1848,-12.553,-2.0717,-1.0757,-14.844,10.91
9.7563,-27.955,-2.1837,-11.353,-11.169,-3.1912,-21.209,-1.1806,-5.6719,2.1493,1.6122
4.1881,-1.0358,25.904,-13.025,-5.8224,12.363,-15.18,6.9971,-7.0293,13.754,15.343
4.2911,-18.177,19.947,-23.131,-14.757,3.225,4.6947,2.8615,2.6329,17.075,12.815
22.709,-7.0823,10.374,3.608,-12.503,19.392,-7.3822,19.351,-12.607,4.1043,15.902
7.149,-7.7358,6.9119,-13.206,-30.845,-3.0048,2.8938,-1.3384,-10.687,-12.007,7.6732
-1.747,-16.144,4.4252,-20.884,-19.722,12.267,-9.3787,-10.535,-9.417,11.791,5.6165
12.331,-10.136,14.637,-25.613,12.181,0.052874,2.0444,-10.785,-10.099,15.263,9.5867
-4.1249,1.224,22.224,-13.274,-11.998,14.449,1.0616,0.40352,-13.548,-0.27011,23.078
-2.4416,-13.74,13.429,-11.055,-16.496,-1.7346,-16.469,13.513,-3.7302,7.9534,12.416
-7.7486,-9.1246,16.694,-22.203,7.2397,12.553,-7.3083,-1.8391,2.7943,-0.51404,15.537
4.511,-18.585,25.639,-16.203,-3.5992,10.985,0.70637,16.758,-2.5716,1.8535,4.275
15.496,-18.213,14.057,-25.235,-6.6532,23.26,-9.8208,19.92,-6.8325,-3.891,16.2
2.5412,1.2954,2.8165,-18.192,-5.4453,17.68,-15.326,9.2037,-3.4116,-4.3988,14.293
22.954,-15.576,5.2045,-15.616,-2.9144,-6.1469,-5.3646,26.111,-15.662,1.644,8.4594
-4.348,-3.1865,9.1057,-17.569,1.2908,7.217,-14.436,22.247,-4.4836,6.6508,11.219
-0.1062,-10.091,17.424,-8.5919,-8.9065,5.0412,-12.291,-0.68937,-0.2022,2.2912,3.9989
-3.366,-23.673,26.025,-10.916,4.6201,4.4706,-9.511,7.4595,-11.59,18.504,6.6859
6.1031,-5.6324,26.694,-4.8983,-1.3509,17.119,-3.2642,6.8468,-10.358,6.1279,10.797
-11.235,-8.9315,25.392,-12.284,-2.1982,12.182,-4.29,1.3986,-6.8306,1.8421,14.759
-0.64428,-0.9146,12.391,-7.6645,1.138,0.72263,-8.2704,6.1031,-6.5504,3.6749,-1.9141
9.6267,-3.9109,17.914,-12.908,-6.092,11.643,-26.895,11.957,-2.1544,-10.057,-1.8046
3.4219,-22.476,11.82,-7.5849,11.012,-8.2695,7.0221,3.1572,-9.5311,0.8306,8.9441
6.3352,-18.462,12.96,-4.8547,-2.0479,7.456,-0.1008,4.6136,-8.9685,9.6257,-4.1733
4.8977,-13.926,14.527,-8.8635,-26.547,14.801,-2.0217,-8.3759,-11.396,1.1304,9.5331
9.7775,-16.944,12.056,-5.3081,-14.637,-0.81295,-13.89,-0.47814,-10.403,-2.4387,-4.3727
6.3749,-13.265,9.3783,-14.086,-6.8397,5.0102,3.3702,8.3027,-14.181,-3.2541,-2.2127
1.8464,-5.6665,16.277,-24.641,-19.803,27.884,0.12161,1.1489,-3.0805,-9.0773,12.682
3.4872,2.1095,3.2459,-26.953,-10.286,-7.0379,-6.8214,9.8169,-10.548,-11.443,13.307
2.5584,-2.0581,22.246,-14.237,4.7314,7.5545,-4.7211,7.1806,-6.5916,-2.0844,4.7097
-5.669,-10.054,16.049,-15.413,-1.1277,4.9561,-3.7722,4.0762,-8.797,3.7781,15.911
19.478,-16.205,11.801,-8.1213,-2.0182,-1.9144,-7.86,-0.58706,-3.8329,-3.8422,7.5803
8.5961,-1.2987,15.603,-4.5871,-14.319,0.80947,-8.0988,25.682,-11.637,-5.394,16.972
5.5554,-4.8768,6.0825,-12.467,-9.9793,7.1247,-6.6454,7.3262,-12.404,1.5057,12.629
-1.769,-14.959,12.453,-26.232,-7.5594,29.833,-13.231,4.3831,-5.1506,-15.391,26.441
9.4218,-14.409,14.768,-0.24485,-10.449,14.607,-4.6586,7.5008,-5.1308,5.5139,-11.528
11.927,-6.5856,12.162,-9.5496,-13.046,13.559,-8.9138,-1.293,0.32139,-12.651,10.781
-1.6681,5.7268,13.594,0.62102,-13.466,6.814,-11.85,9.4084,-6.0313,-13.13,22.818
12.316,-11.793,7.7434,-10.045,-5.286,16.441,-5.1115,8.3594,-4.6243,14.824,10.906
1.1932,-15.774,7.7911,-3.1447,-5.9639,19.934,-17.982,6.8715,-6.6779,6.5583,10.785
7.2979,-1.5362,12.706,8.883,-13.249,7.7883,-8.4174,3.6861,-3.3138,9.9081,4.4619
7.344,-19.997,23.873,-12.547,-6.299,13.638,-12.591,11.946,-8.4565,-15.299,8.5429
10.113,-13.149,18.101,-12.083,-9.6387,-1.8234,-10.519,3.8194,-12.846,-7.0267,4.2279
-14.058,-9.4141,19.109,-27.197,-21.851,-1.9599,-12.539,12.47,-4.039,-0.26493,27.546
1.628,-10.94,17.639,-11.604,-10.321,10.542,-3.7162,5.4242,-6.4175,7.8556,4.0835
-0.54942,-4.9651,15.4,-16.852,-2.9104,10.282,-4.0331,20.921,-11.789,8.6343,10.567
5.6471,-8.2559,5.3423,-24.565,-2.1278,17.101,0.19576,14.9,-2.692,-17.123,6.8061
-9.2021,-21.848,16.797,-25.072,-3.1259,11.904,-14.109,9.0182,-2.7842,-11.351,-2.4407
3.14,-15.914,23.279,-28.411,4.2517,17.878,-5.6109,21.604,-7.5114,-5.0884,10.837
11.275,-20.28,8.8539,-0.44803,-7.8237,26.159,8.1616,-6.5838,-9.5699,-3.2872,8.6615
7.7691,-10.844,10.75,-10.445,-7.7412,14.145,-11.3,10.259,-3.3846,18.076,3.6792
5.8629,-14.635,27.781,-14.091,-1.3319,4.2609,-5.6405,18.92,-6.1397,26.166,13.265
4.5201,-16.464,15.066,2.191,-6.0218,-6.3756,-9.3138,15.407,-5.2883,7.0485,1.4017
7.7051,4.2642,17.324,-3.384,9.586,-2.5671,4.06,6.2088,2.9874,7.0014,9.4332
-2.2502,-13.294,9.5287,-6.8636,0.67711,5.8287,-9.5258,9.3342,-5.4397,9.2552,4.5259
23.955,-11.984,24.892,-12.705,-19.118,22.917,-9.4682,5.2706,-1.4661,-9.5557,5.6447
-1.0771,-26.078,19.738,-22.701,-7.6255,2.204,8.8401,-19.39,-10.268,2.9514,-7.1551
-16.897,-18.05,6.3205,6.2373,14.907,30.246,4.505,-23.218,12.09,14.599,2.8185
7.6216,-12.535,2.1512,-19.609,-13.361,22.218,-10.183,-9.3847,-12.871,7.2682,6.5629
1.766,-6.9352,14.492,-18.26,-16.942,11.26,-6.3899,20.324,-2.3923,-2.3108,12.923
21.578,-24.239,31.028,-16.354,-14.1,10.9,-16.943,15.055,-5.1167,20.143,6.1768
-8.8175,-2.57,9.928,-9.8428,-4.8675,10.897,-1.3062,-6.5323,-3.31,6.7769,14.266
-2.4561,-11.796,3.7043,-30.103,1.7485,24.058,-12.871,2.9517,-6.047,-4.3069,4.9659
15.267,-15.514,2.5339,-1.374,-6.1655,14.305,-8.9291,11.38,-15.445,0.6128,3.0052
-1.5399,-9.3633,4.7434,-26.054,4.8655,15.328,7.7203,14.043,-5.2864,-0.79673,6.9618
7.8854,0.31644,5.5,-35.308,-9.9621,12.958,-19.63,4.0243,-9.8535,-12.669,8.1126
12.064,-0.50252,5.3503,-16.148,-4.8558,3.508,-3.9609,15.193,1.1502,-8.7133,9.4714
4.0618,-3.8469,19.92,-25.112,0.47524,2.42,-3.3982,11.753,-4.666,2.3167,12.896
11.287,-8.3537,8.4258,-9.9746,-17.824,-1.0776,-4.3676,-11.508,-12.651,6.3809,7.7996
2.3,3.9791,7.3774,-8.8916,-16.629,8.6229,-6.0275,20.075,-5.1933,16.976,6.692
9.0847,-0.30634,-0.092807,-12.868,-12.908,4.9368,-5.2123,-10.189,1.4713,-2.5069,4.852
5.1447,-14.062,21.556,6.3565,-3.283,11.79,0.54999,16.192,-4.496,-10.744,13.879
11.473,-5.965,14.333,-17.628,-5.5262,10.199,-17.436,9.7605,-13.488,4.7344,9.1048
-6.4964,-13.547,11.642,-6.7344,-13.038,25.772,-0.59072,-6.1947,-16.376,8.5347,16.761
2.9443,-5.1896,28.437,-7.1064,-1.0229,-1.5152,-1.8295,30.991,4.0386,-1.5626,11.247
1.6112,3.3088,16.835,-9.7876,-10.089,4.5756,-17.524,-7.0774,-1.2327,5.4662,5.3138
0.59525,-5.8409,16.708,-29.886,-11.118,6.8037,2.9016,7.6685,-10.958,8.6928,7.7553
10.02,-6.263,16.235,-26.038,-6.4484,16.458,2.1366,16.601,-1.0122,-8.232,1.8396
7.7998,0.097699,17.071,2.7062,-14.468,5.4027,5.5844,19.036,-14.475,0.015995,-5.6501
8.7506,-9.8837,4.5431,-1.6033,1.9153,6.9808,-10.782,18.171,-6.2285,-0.53418,16.581
19.042,-16.86,15.865,-5.044,2.2909,10.096,-11.523,18.804,-5.5087,19.114,9.727
6.5324,-14.232,13.011,4.8015,-15.224,26.075,-0.21209,12.889,-15.344,-17.286,8.6965
10.15,-9.5145,19.418,-12.716,-11.841,3.7573,-10.515,2.3623,-4.0323,8.1482,10.258
-1.558,-15.167,7.5592,-4.6517,-18.91,32.693,-21.026,0.27054,-10.305,2.4816,7.7599
-6.0383,0.1418,6.6758,-34.256,-15.457,3.0721,-3.2596,11.99,-0.70853,10.337,1.2864
6.5319,-16.688,4.925,-16.015,-10.022,5.6201,-5.0188,0.3348,-9.3616,-11.975,12.026
6.0429,-7.367,3.4941,-21.156,-7.8338,-7.7839,-15.805,10.71,-3.0618,7.3617,1.3025
2.7815,-1.1743,15.66,-20.034,-16.433,5.1408,-6.0462,-6.2708,-2.4057,11.229,9.1963
20.055,-6.6678,10.723,-23.867,-19.512,5.848,-11.574,22.426,-11.471,-14.389,19.489
10.548,-7.7032,27.716,2.2259,-5.7268,16.478,-14.271,12.826,-9.591,2.9913,4.7934
2.3608,-5.1823,19.529,-9.6042,-18.546,13.015,-11.728,8.5251,0.21414,12.13,12.125
7.5905,-14.612,28.584,-23.235,0.74069,7.5443,2.8428,-11.557,4.7556,7.5576,-5.4302
1.5166,4.2792,43.322,-21.923,-6.3009,-3.2872,0.010527,-14.552,1.7856,13.315,5.1282
-3.652,-29.765,15.406,-12.224,-1.9721,0.3073,-13.626,12.166,-12.367,1.8877,7.3586
-11.311,-17.255,29.862,1.7925,-6.1783,9.4048,5.3347,-0.72212,-8.5826,1.9923,17.048
12.242,2.5903,6.0954,-4.5395,-5.6599,2.5631,-0.78749,10.208,-2.2329,-1.155,4.3016
-10.232,-2.0882,18.151,-18.664,-20.123,1.1306,-5.3009,8.9243,-2.4256,4.5305,10.358
13.993,-7.4974,17.152,-20.219,-3.982,2.1519,0.6297,9.31,-12.584,7.3471,2.0734
24.31,-9.5321,10.136,16.082,4.007,-3.927,-15.535,18.055,-5.458,-0.63309,3.3222
1.8502,-7.9544,21.244,3.0041,6.8758,15.922,-6.331,13.614,-7.591,-5.7318,8.6265
18.881,-17.063,16.878,-14.937,1.4345,17.197,-9.2765,12.235,-6.2973,7.6127,-1.0079
-17.489,3.8947,17.628,-2.8172,-14.559,12.442,-4.3296,8.3561,-1.5579,0.46814,12.277
-0.67999,4.4261,14.708,-16.733,-8.0811,8.1131,-6.982,-1.4672,-2.0456,2.5635,20.75
7.6498,0.20661,19.126,-15.293,-1.0324,13.052,6.6778,19.009,-4.1163,16.874,8.6161
7.2598,-13.845,7.3792,-11.858,0.076546,14.689,-24.452,5.3742,-4.3157,9.265,6.5242
3.8956,-13.639,12.858,-14.075,-2.7756,5.7696,4.39,13.502,-11.242,-6.5894,7.2329
15.677,-17.208,7.0904,-13.282,-21.95,9.8208,-16.19,11.253,-7.1935,-3.3337,11.766
10.422,-2.9301,11.1,6.4077,-1.5519,11.693,0.44133,14.941,0.81588,13.399,14.592
-7.9887,-14.098,12.017,-7.2283,-15.304,18.461,-4.0522,31.237,0.43752,6.9218,17.779
-1.1559,-5.9719,20.971,-5.4537,-19.445,-2.011,0.28487,7.0874,5.0386,2.1883,3.3961
13.333,-19.531,16.246,-24.171,-22.942,7.9532,3.9087,5.4654,-4.11,7.0112,11.392
0.19464,-13.08,-0.43663,-7.0677,-11.979,18.712,-14.822,13.224,-9.042,-5.5718,8.1209
2.1375,-9.0857,8.3285,-7.5048,-15.809,13.827,-10.282,11.01,-10.856,-1.1326,14.514
5.3358,-15.385,21.14,-19.431,-16.269,25.291,-6.2252,5.7409,-7.0161,3.6806,25.197
8.8561,-1.1934,34.492,-15.564,1.2717,0.57188,25.474,7.5992,-19.65,-2.4841,-2.337
4.8074,-8.0714,13.288,-21.143,-16.186,-0.48557,-8.7679,5.6175,-14.96,5.4921,9.3109
7.7729,-18.03,11.58,-21.34,2.5469,13.626,-9.4775,24.659,2.975,9.4007,14.271
7.6448,-0.25222,14.353,-8.8197,-14.241,6.7548,-6.5353,12.859,-2.7421,-2.9273,13.316
0.43669,-13.302,21.04,-12.483,-6.3443,3.2502,0.89505,-2.2532,-7.121,-4.1508,10.832
4.04,-18.056,5.793,2.5008,-13.461,9.3926,3.4448,-7.7025,-7.7156,4.4565,9.8429
8.4261,-14.249,9.3835,-8.1362,-2.5185,11.036,-1.5586,-3.8118,-6.518,8.6898,9.8829
8.5372,5.2234,10.758,-8.6435,-11.023,34.737,-6.1889,1.8859,-3.9648,0.21857,17.441
-1.0826,4.4146,4.7459,-15.182,-13.104,4.4937,5.2268,19,-1.9261,-12.982,15.404
-3.9736,-11.516,9.3342,-21.124,1.6184,0.86024,-16.356,-6.0792,-7.7214,-1.4855,-0.27241
-1.5133,-16.282,13.229,-0.63753,-16.114,24.369,1.5842,3.9388,-9.3583,-12.137,0.062663
5.8537,-11.102,16.221,-2.9818,-7.3905,14.529,-3.1397,-12.811,-13.313,8.3372,16.207
10.979,-11.531,18.682,-23.28,2.0556,6.0436,-6.7192,-4.6361,-13.853,5.8067,12.786
23.803,-6.5229,12.179,-4.9192,-3.2192,16.822,-7.9464,11.772,-7.7934,-2.1255,-0.98815
8.7603,-8.3397,6.6785,-11.49,-12.364,-5.8819,-5.3943,8.2078,-10.267,6.2294,8.2915
3.8104,1.4718,4.4499,-16.786,-11.803,7.1429,-7.9072,8.8209,-3.0417,-0.9497,1.7519
0.82856,2.2875,13.915,-6.564,0.48303,11.117,-10.987,-12.681,-1.5072,1.826,18.193
2.2616,-1.7619,22.417,-15.836,-2.098,13.41,-1.6639,-6.7275,-6.2123,0.18289,11.799
-2.8592,-2.5175,11.842,-6.15,-15.016,15.178,8.4543,6.6548,-0.044103,-11.636,15.187
9.8296,-11.991,24.096,-13.608,-28.311,3.1034,-0.20309,31.709,-4.2531,2.4311,15.182
9.009,-8.8989,-0.28353,-22.23,-9.7793,18.228,-5.0548,1.7468,-12.412,-7.8475,7.2533
-8.6269,-10.279,11.603,-5.7582,-9.3828,1.8226,-4.793,6.8402,-13.354,9.0661,3.9844
2.2294,-0.17185,12.407,-14.583,-4.5699,21.32,-20.784,2.0178,-10.086,-4.3773,13.086
5.7116,-5.1761,27.084,-7.4246,-15.945,-5.3492,-6.9362,-5.5577,1.0249,3.3185,15.739
8.9333,-17.173,24.437,0.79688,-12.66,5.609,-2.8274,1.1801,-14.193,-2.9396,-2.8428
6.766,-6.1103,10.649,-3.0578,-10.726,1.706,-3.6274,12.656,0.85987,-6.5598,13.864
-6.7458,-6.251,0.89836,-16.249,-23.769,25.557,0.019447,18.911,-10.999,2.0658,4.5825
4.1482,-6.518,3.789,-5.6547,-16.872,21.279,-10.47,9.9231,-8.7675,-1.0539,12.378
-1.6746,-20.263,15.4,-1.4303,-17.811,16.676,-3.0227,0.23964,-10.425,3.7498,-2.7154
0.84916,1.943,13.946,-11.559,-2.2157,13.375,-10.877,21.178,2.0822,-3.065,8.7804
-3.8053,-7.7122,17.046,-9.01,-1.9517,-1.3766,6.2517,-6.4823,-1.1906,0.28987,8.9666
7.6272,-12.429,8.1786,-5.2331,-6.1804,-7.4835,-12.036,11.523,0.20438,6.7086,18.195
4.8096,-19.363,8.7927,-10.542,-3.6143,17.949,-5.2649,4.4714,-1.8479,-12.489,16.834
11.538,-2.9744,12.004,-13.205,-6.2213,6.7434,-2.47,10.479,-13.319,-4.5326,2.2426
17.368,-19.42,15.377,0.20363,5.6069,17.6,-10.002,13.033,-4.8918,10.881,13.873
13.055,-6.6863,27.761,-15.838,-6.45,-1.1098,-6.4694,3.5676,-3.6368,9.4011,-3.0572
10.422,-5.6702,13.694,-13.3,0.77736,-4.4623,2.0954,2.9425,-5.7181,1.321,10.104
18.309,-10.034,29.298,-11.73,-9.5425,26.646,-4.2606,4.1075,-13.394,6.5053,14.228
-0.17599,-2.0746,4.4999,-10.184,3.5801,17.654,-0.43443,7.4589,-3.2957,-6.5248,13.703
-3.3361,-13.49,10.868,-22.861,-17.459,11.284,-2.4551,13.243,-6.7411,8.1531,17.113
13.483,-20.251,8.1857,-18.599,3.0808,9.8825,4.4953,7.2126,-15.139,-7.3635,-9.5209
4.5191,-18.024,0.77745,-14.278,-16.745,14.323,0.048791,24.597,-7.2276,-0.82147,15.918
1.2936,3.8305,30.343,-12.682,-5.0241,-2.9037,-4.4192,-2.5913,-1.6203,1.0124,14.089
11.061,-17.473,19.042,-6.8251,-9.7938,17.212,-15.459,14.981,-6.8026,7.5064,11.502
8.0995,-5.4789,20.189,-7.0741,-2.4513,20.39,-3.8827,19.537,-2.5686,-23.459,8.0686
-14.677,-4.3804,19.558,-5.2206,-15.563,11.647,-11.042,30.772,-1.1089,2.6826,10.545
0.8103,-12.806,14.957,-12.818,-8.1612,10.645,-15.499,14.851,-9.8817,5.7774,16.013
4.1926,-19.573,19.157,-17.18,-22.832,5.0482,-3.1462,4.0747,-7.2184,1.6914,1.8986
8.6277,-8.2135,16.089,-10.283,-15.3,13.363,-9.4314,3.3152,-12.479,15.24,5.3371
28.385,-10.272,6.5886,3.7128,-5.3508,-0.87213,2.4565,24.733,-9.6403,8.0611,12.639
1.357,-19.072,8.2029,-14.229,-1.6756,3.4658,-2.9154,0.11308,-10.643,1.5243,-2.1818
5.8587,-14.716,21.385,-10.319,1.1165,15.173,-17.575,19.602,-1.6821,12.569,1.4522
2.7373,-12.991,9.2129,-13.137,-12.452,13.963,2.6928,-15.589,-11.183,3.8326,31.225
11.571,-13.557,13.624,-10.189,-8.0373,9.1736,-13.276,0.51551,0.45474,7.234,4.9717
-3.8537,-8.3748,12.076,-8.433,-9.8706,19.696,-5.4737,2.2548,-11.381,-9.3525,-1.8002
2.614,-16.578,9.0767,-28.03,-3.3555,18.678,-9.3639,2.997,-2.9902,-2.4998,-0.027406
-2.4995,-10.596,33.44,-0.92098,1.9124,8.8213,-5.7945,12.092,-1.1124,18.642,13.424
4.7572,-2.8527,13.16,-7.5597,-16.701,8.7973,-12.744,13.798,-14.742,22.716,13.235
9.426,-7.4904,19.96,-9.7944,-11.421,9.4156,-7.4266,0.34801,-1.6374,-0.40977,6.516
14.308,-6.2447,18.561,-12.426,-15.386,5.906,-10.722,7.2408,-5.5911,10.074,8.8543
5.914,-13.079,-0.28458,-6.0216,-8.6028,-1.8855,3.1903,5.2686,-2.3141,-11.822,1.5233
13.775,-12.129,22.318,8.7077,-3.0657,12.016,-18.956,5.7365,5.7982,-8.721,15.421
15.836,-14.483,13.191,-1.1975,-7.5055,5.7838,2.5691,8.4177,-10.398,1.6844,5.5729
-7.0095,-21.073,11.743,-31.863,-16.17,7.3485,-11.508,3.9252,-10.316,-20.668,9.4664
2.824,-20.839,22.716,-9.6469,-11.321,3.8684,-2.0158,6.3677,1.3065,1.5496,10.245
2.5977,-10.182,10.763,-4.4129,-14.182,20.75,1.2274,12.638,-0.54815,-10.837,14.843
0.2675,-10.696,25.565,-22.269,-6.2635,15.201,-3.5548,3.5513,-18.111,-2.4917,12.086
5.3177,-13.698,11.78,-7.9,-4.5192,5.9398,-11.671,7.3425,-11.524,0.38249,9.1566
-1.7936,-14.412,14.093,-3.3901,-8.5447,27.772,1.0267,5.2899,-1.817,0.17954,8.862
1.8629,-5.8767,10.852,-22.772,-6.3032,-1.8791,-12.971,17.908,-5.9178,8.4846,7.3696
-3.1935,-17.323,13.536,-18.908,-9.3161,13.137,0.13547,6.8865,-0.76911,9.0452,5.4393
2.6809,-3.5183,5.294,-0.69468,0.80107,12.303,-5.7296,8.1085,-11.372,-5.8274,23.061
6.333,-10.171,5.6488,-22.758,-8.8115,-10.789,-18.714,6.8248,-12.4,9.5465,19.282
-12.583,-19.225,16.482,-12.358,7.556,27.65,-9.9454,6.7611,7.7666,-5.1955,-1.7042
-1.1625,-10.014,8.9237,-19.014,-23.679,-4.2413,-3.9767,18.873,-9.4591,-0.54685,18.12
5.7053,1.2887,14.034,-17.579,-14.984,19.069,-14.527,16.818,-6.1399,-0.28991,13.967
-2.4127,-12.045,15.108,-1.9676,-14.637,8.0746,-9.3381,5.0955,-1.6886,-9.6931,4.3615
-3.1872,-18.237,16.926,-9.0125,0.44142,3.2503,-0.77497,12.634,2.2332,-1.5539,-3.4758
5.9106,-12.615,2.6769,-11.324,-10.272,13.755,4.5546,16.681,-10.842,1.1745,-1.0898
-13.485,-16.207,12.299,-22.747,-15.238,6.23,-20.745,1.7625,-5.7964,4.0729,12.24
-1.8547,-8.4062,11.595,-31.878,-14.416,21.894,-14.705,9.5386,-1.4318,-0.24958,5.4773
11.543,-17.652,15.064,-3.2682,-0.27944,17.485,7.739,8.4696,-0.57607,9.4912,13.633
6.8973,-18.517,5.3649,-8.1679,-3.7152,-7.8409,2.7969,17.648,-4.4297,-1.1461,8.0383
1.4763,-12.796,10.955,-4.2361,-2.8962,3.0321,-13.313,15.65,-4.3022,-0.94539,8.2962
9.5316,-5.8512,4.7147,-11.152,-8.5258,18.247,-10.803,16.284,-11.937,-5.6873,5.3297
9.0906,-8.7687,19.301,-2.0592,-10.91,16.525,-10.905,-4.7552,-17.316,2.6278,17.489
13.959,-12.57,15.736,-0.38536,-16.02,5.6309,-10.909,16.23,-11.714,22.573,-1.3122
13.535,-14.762,5.4472,5.6036,-9.909,19.345,-3.2773,-3.4319,-15.015,3.7749,13.388
10.09,-9.994,1.7495,-20.257,-3.1298,-4.4119,-1.3427,11.185,-9.242,8.1775,16.52
4.1288,-2.1417,15.31,-15.301,-19.548,7.2237,-5.6393,5.7214,-1.9372,11.497,9.0063
3.6757,-19.437,18.8,3.7654,0.29672,3.8593,-2.8815,6.9568,7.3437,10.961,8.4916
-2.2395,-17.659,18.997,6.2184,-8.7033,12.458,-10.495,16.564,-2.2667,12.177,5.8214
2.7295,-8.8031,21.126,-18.559,-15.744,15.088,-3.4158,-18.794,-8.3867,-5.7729,7.8854
3.9679,-14.487,18.449,-8.5161,-13.58,17.282,-2.3099,4.0956,-4.97,9.3909,5.7898
0.30073,-4.9611,20.371,-21.776,-14.794,11.342,-5.551,21.635,-7.788,17.677,5.9099
1.7732,-22.628,9.5627,-18.026,-6.2333,19.891,1.9389,-1.5566,-15.777,12.536,7.4576
14.083,-22.265,12.252,-27.082,-9.886,-11.27,3.4241,3.3343,-11.301,15.973,12.515
16.596,-11.167,13.887,-1.5255,2.5547,3.709,4.1328,10.934,-6.8621,14.261,6.7809
8.6462,-7.3372,15.922,-10.722,-24.07,17.792,-1.6458,2.6202,-11.586,4.0376,20.136
9.5097,-14.36,13.503,15.219,-18.227,5.5616,-3.9616,15.177,-13.852,6.2029,5.6949
8.4637,-19.989,15.929,1.2178,8.3092,23.309,-9.5638,-0.62662,-4.7807,17.953,2.1603
12.617,-19.371,19.337,-19.461,-8.9864,2.4672,-1.2482,9.4466,-11.879,8.911,11.961
-4.2068,-12.723,3.4294,-15.894,-13.137,1.0225,10.684,22.269,-9.0714,-7.3265,18.419
3.2323,-19.165,19.184,-5.8956,-3.9751,8.5589,4.3998,12.391,-8.9913,9.632,3.564
3.2361,-15.413,22.879,-10.243,8.4418,-2.2816,-0.22625,14.963,5.0586,5.4603,11.661
-7.6007,-4.9108,13.863,-4.827,-20.956,8.3509,-0.029931,-1.1236,-15.369,-19.319,6.6552
18.47,-13.983,24.833,-3.4715,-13.527,-2.7562,-17.166,13.34,-10.234,10.093,-3.1649
1.7147,-5.1289,10.615,-11.575,-26.493,17.836,-2.474,6.3481,3.4145,-7.97,8.4776
-8.627,-10.967,17.296,-2.7286,-4.3386,-4.5336,-7.0991,-0.676,-6.9705,-1.0744,2.4869
-6.8893,-12.935,-0.82498,-3.7227,0.48922,9.5306,-18.094,6.2264,-17.868,-11.342,24.87
5.8419,-17.534,32.342,-8.7396,-6.7115,9.1023,-4.3348,1.0044,-4.6718,5.5847,3.9239
-0.37744,11.97,7.3694,-8.9839,-5.0091,18.509,-3.3439,13.312,-2.3739,2.8338,3.9134
0.26993,-16.96,10.616,-4.9302,-18.981,11.303,-7.6948,-8.8904,-16.357,11.647,15.229
1.7953,-6.2004,19.727,-3.8712,-21.676,13.531,-12.539,8.5593,-3.2103,1.5937,7.8645
-3.0517,-7.8267,15.424,-1.8142,-10.356,9.9423,-2.8502,-1.4139,-6.7974,-15.474,12.125
9.7526,-19.457,22.651,-5.9839,5.5609,1.3023,-14.353,2.7971,-5.4849,-8.0897,5.8083
-6.5236,-15.25,16.515,-15.906,-9.4993,21.78,-16.704,5.6106,-1.5542,-1.7141,17.877
6.0264,5.2849,15.874,-1.505,-0.70099,29.246,-5.2703,2.7125,-1.9662,7.8213,4.0474
18.936,-9.2153,19.692,-12.895,-5.7608,32.079,-8.9588,14.425,-0.8036,11.482,13.127
-2.8869,0.84151,21.534,-14.1,-6.8112,6.8815,-12.491,15.194,-8.6704,-15.676,7.7358
2.0485,-5.7134,14.967,-8.2923,-2.3544,18.214,-8.2288,12.913,-7.577,-2.373,9.7444
-5.3725,-5.8953,16.985,-26.85,-6.4243,13.538,-4.113,17.189,-2.031,12.882,13.058
3.1399,-6.8308,8.6705,10.939,-12.456,3.2504,-7.0473,5.552,-8.2216,14.707,-5.1423
9.26,-13.733,12.158,-14.85,2.2811,29.462,-14.682,-2.4143,-3.6655,12.49,10.199
-10.867,-15.833,6.6017,-3.436,4.3894,31.996,-11.02,10.5,1.7354,2.4451,0.6029
7.5315,-19.647,13.113,-8.4933,-1.2074,12.17,-27.176,7.9941,-2.6345,-4.964,15.647
-8.5968,-10.267,-1.2415,-12.713,-11.389,20.686,-2.456,22.312,2.9184,6.3903,-0.37862
11.633,-14.848,12.252,-13.602,-10.111,22.749,-1.9088,3.6859,-14.342,-2.907,11.112
4.1923,-17.982,12.087,-9.1322,11.34,22.219,3.0119,1.4519,-5.4587,-4.1274,8.1861
-6.1005,-8.7691,20.411,-7.1952,-7.7767,1.8365,-4.0965,0.45103,-15.735,-17.727,13.519
17.773,-9.0173,5.5658,-24.847,3.5368,2.5034,-5.9937,24.921,-4.8393,3.9039,18.054
-3.5408,-6.0427,19.815,-17.277,-6.1877,17.723,-10.133,3.701,-10.415,4.1991,9.885
6.9395,-13.539,6.1192,-19.438,-12.512,1.2701,-12.416,2.0872,-12.807,13.071,11.857
14.149,-5.0405,15.335,-15.433,3.8961,18.85,0.46689,-0.5789,-15.068,-0.84241,8.0048
15.002,-8.719,13.641,2.184,-3.3507,-2.0976,3.9653,13.362,-8.4439,6.0259,11.405
3.2575,-5.267,-4.0058,-5.0127,4.7524,16.048,-7.1929,10.815,-15.744,-13.156,-0.019144
28.225,-17.575,22.842,-7.9887,-14.624,23.884,4.1117,-2.1639,-7.7169,3.3641,11.281
9.6341,-0.57648,10.036,-15.525,-10.651,10.655,-23.792,21.982,-13.066,2.5889,6.5823
-1.09,-7.6031,31.414,-7.4597,-16.82,8.1383,-12.893,17.385,-13.496,20.325,0.79973
6.6787,-3.2333,7.1448,-28.52,-7.7924,20.495,-11.23,-0.23928,-1.145,8.6116,11.727
12.713,-1.121,5.2932,-17.867,-7.5748,5.7565,-15.774,7.1917,-5.0449,16.481,15.835
7.5723,-8.0917,6.674,-3.9973,-0.88796,6.3826,-7.7236,5.9711,-13.588,1.0914,21.079
2.9947,11.223,17.283,-16.549,7.0679,14.791,-12.147,3.3436,-2.8745,-1.7139,9.0198
10.708,-12.097,14.509,-9.2671,-6.4864,11.581,-5.4413,17.591,-7.1024,16.039,7.8264
6.6932,-9.0537,15.438,-2.8201,-12.298,13.869,-6.26,12.624,-13.348,-5.7989,10.94
5.3315,-11.635,10.049,-19.295,-2.587,7.4786,-7.3227,8.5701,-15.484,2.5573,-0.53697
6.3102,-11.262,18.701,-7.7394,-5.3231,10.086,-7.7891,5.9478,-2.1579,4.21,6.2628
-0.72969,-3.4041,4.0588,2.6638,-12.999,2.0788,-11.723,13.81,-10.48,-0.24494,15.62
-3.101,-10.276,9.9216,-13.137,-22.807,0.016091,-5.4198,1.2002,-12.173,-6.6506,5.3527
12.242,-21.613,9.1993,1.0604,-6.0544,8.092,-10.535,-6.6686,-10.867,5.3901,7.128
5.5359,-8.1746,20.717,-21.531,-26.312,-7.6767,6.6018,4.8841,-5.2076,-12.796,-2.0905
11.889,-14.286,9.3871,-6.9698,-22.107,5.3513,-22.578,11.87,-3.5496,6.0313,18.268
9.7005,-8.0876,18.252,-4.8847,12.509,4.7427,0.72379,12.862,-7.13,17.672,7.8637
2.3186,0.22066,11.983,-7.7097,4.7005,6.9344,-7.0244,15.804,-9.3121,-10.024,4.0843
3.2606,-8.7104,13.889,-3.4312,-8.6474,15.436,-2.3074,5.3044,1.2082,-4.3108,-10.193
-8.084,-5.4295,12.008,-0.31034,-23.189,10.13,-14.168,9.9186,-6.108,7.274,-3.1874
-2.679,-22.544,21.374,-0.92102,-21.028,13.994,-2.5318,14.676,-16.068,17.264,5.8829
-1.8641,-6.4291,16.332,-23.207,-17.868,21.759,2.281,23.855,-6.5864,10.116,4.7357
-0.082007,-10.931,15.374,2.6609,-2.2781,2.4047,4.5076,16.755,-11.802,-0.92739,-2.373
5.3156,-14.183,26.27,-12.766,12.214,-2.3556,4.7739,-0.69818,-9.757,4.8024,12.639
3.3392,-9.9351,24.549,-20.822,-9.3072,10.37,-6.6937,-5.7351,-1.7367,12.621,9.3833
12.269,-1.5516,23.267,-8.4087,-8.04,8.5744,2.7062,-0.73521,-1.4756,-4.8283,-3.8578
4.8924,1.8315,8.5089,-18.634,-3.1958,6.5149,15.506,3.395,-0.73005,8.8021,2.4958
18.805,-9.2321,16.418,-14.492,-3.7509,-8.1339,-17.989,20.556,-7.497,-4.5302,-0.73867
10.488,-8.6309,12.094,-10.24,3.2819,10.143,-14.461,0.65338,-14.118,14.056,12.942
12.456,-17.479,24.665,-11.775,-15.812,8.3132,-13.392,23.206,5.8266,4.7856,12.6
9.3597,3.3965,23.161,-6.0144,-5.2962,18.845,-3.123,20.77,-2.8062,1.0098,10.708
2.1892,-3.3046,9.801,-16.061,-5.4978,14.985,-15.77,24.352,-1.826,-1.4,7.4603
-7.6995,-3.7592,0.13427,-16.164,-16.344,3.8805,-3.4808,-3.7135,-12.731,-9.68,-1.3471
8.4321,-5.3679,12.06,6.3458,-10.123,0.31501,-17.778,7.6021,-17.474,4.0651,9.4225
-10.673,-11.533,18.275,-28.593,-20.496,23.877,-5.5418,17.107,5.5168,-15.612,24.796
6.1253,-11.717,11.213,-12.29,-27.736,8.7763,-16.501,8.5628,0.13145,3.1425,12.522
10.428,-8.1609,5.8083,-8.4146,4.113,7.493,-5.6826,9.106,-9.4,0.13404,0.073882
4.3886,-4.2067,12.386,-17.794,-0.87274,-3.3853,4.064,12.356,-3.6833,7.9174,2.387
5.4802,-26.686,24.381,-10.777,-4.3598,9.9302,-19.588,3.6938,-1.7241,-8.0086,14.924
-3.617,-19.647,22.925,-7.6638,-17.004,5.3453,6.8937,-1.2018,3.439,-4.4472,0.7126
0.47202,-11.764,18.167,-2.8332,-5.508,10.184,-2.6624,0.5662,-12.988,-3.5138,17.825
7.9783,-26.673,8.3128,-3.3968,-16.458,5.8062,-2.2921,10.867,-6.7825,-3.6608,12.215
4.0637,-18.489,26.673,3.0738,-12.032,9.4801,-1.7492,8.4394,-4.6429,-2.5669,11.572
7.519,-2.094,4.4519,-7.1163,-7.5696,13.834,-3.6375,14.331,-4.968,-0.070971,14.475
-2.34,-5.2776,12.21,-27.373,-0.34575,10.501,-5.7418,16.525,1.3595,-6.9442,0.44127
5.9886,-18.785,12.392,1.9045,-5.3037,11.877,-4.7314,19.134,-10.954,3.8642,8.697
7.2269,-12.145,11.048,-25.3,-9.061,1.4382,-17.052,8.2947,-14.08,0.55082,13.319
4.5733,-11.956,20.733,-2.635,3.3074,11.053,-6.7016,10.471,-7.6269,0.041213,14.517
18.367,-3.097,22.434,-12.291,-12.101,5.6643,-10.583,2.4588,0.88866,6.9872,-7.0818
2.7461,-7.8255,9.1058,0.091878,-1.0712,21.897,-5.6087,23.019,-10.015,7.4204,11.956
-6.4052,-20.671,20.815,-14.744,-14.182,-9.7269,-8.4877,2.9643,3.5242,2.0488,8.2659
11.759,-9.4865,10.484,-8.2622,-5.1127,10.287,-13.756,3.0512,-8.8245,7.1772,10.901
7.0916,-17.705,13.471,-29.747,-9.7931,4.1339,-10.868,11.979,-5.9136,-2.1683,5.401
-3.8051,-8.3198,17.782,-11.022,-17.569,11.761,-13.901,11.334,-10.173,-3.2805,18.766
2.1726,-18.696,10.808,-32.741,-16.479,3.4191,-6.4934,14.579,-0.99966,4.5844,4.2122
17.628,2.4265,16.147,-32.389,-6.1552,12.449,-7.1436,14.758,-5.0141,10.461,14.367
9.3247,-13.558,24.833,-16.997,12.942,12.449,-4.4645,-4.0894,-4.8719,13.688,6.8271
1.1286,-16.843,16.301,-11.171,-17.981,5.9909,-8.3526,15.9,-1.0876,13.405,13.677
4.3696,-2.7507,21.644,-16.394,-17.445,4.64,0.81429,24.489,-17.483,-1.6981,9.7662
13.796,-14.149,12.026,-18.475,-2.4271,11.122,-12.856,19.228,-8.9667,-10.173,12.253
-4.2274,-11.037,21.405,9.6058,-0.76485,47.132,13.307,4.83,-7.5551,12.091,5.0085
2.4308,-12.076,24.514,-7.8518,-12.937,16.146,7.0685,18.34,3.887,1.0262,5.5011
-3.0259,-19.802,-0.33932,-11.507,-13.223,9.3567,-0.5599,1.9092,-14.205,1.1568,2.2638
15.523,-9.0859,10.509,-6.2293,-1.8345,23.41,-18.807,-5.0033,-5.2394,2.2868,7.432
-4.5052,-21.668,11.543,-12.138,14.696,27.09,-15.85,-13.9,-0.35851,4.1842,13.264
4.4931,-12.983,-2.1202,-20.018,3.1759,9.1724,-13.461,8.2982,-9.4111,3.0127,17.845
-2.1674,-2.1331,5.9919,-17.824,-12.276,15.704,-0.25562,17.534,4.8829,-4.4244,1.4037
2.6755,-7.5419,30.387,-1.72,-13.594,23.794,1.7505,17.691,-7.3449,7.4074,-3.4733
11.857,0.44785,-5.8125,-28.343,-10.82,18.076,-6.0756,-14.9,-8.977,-9.1652,2.3278
10.098,-13.555,16.621,-20.397,-8.9709,9.4725,-10.285,21.943,-9.1967,11.303,-0.17447
22.544,-12.014,18.542,-3.1215,-20.134,26.04,-10.271,-2.5154,-1.9801,-7.2049,11.367
-15.593,-3.4216,7.6466,-19.781,7.4872,-18.721,-4.8261,-19.494,-7.3359,-7.9834,0.24084
10.533,-25.593,12.4,-18.187,-9.1782,4.4267,-4.7398,9.7498,-12.614,-2.1827,6.9348
-1.7658,-10.804,10.678,-2.0253,-12.548,20.292,-12.474,12.243,-11.985,2.8453,-2.3661
2.5029,-15.123,17.732,-18.621,-9.4244,6.0439,-5.578,-4.4981,-10.376,14.345,-1.8131
4.3721,1.4501,12.389,-8.1478,-1.698,22.792,-2.9063,18.457,-8.7047,16.744,10.742
12.72,-14.857,11.688,-23.332,-6.8149,27.486,-21.045,-0.9292,-2.1006,9.4739,6.548
3.4741,-3.8506,12.608,-13.19,-17.768,11.713,-10.274,7.5233,-5.1415,1.1911,24.886
-5.7278,-1.7819,7.1507,-7.3028,1.5178,3.9958,0.95617,2.7871,-5.536,12.072,10.891
4.5559,-2.7315,13.706,-10.532,6.6683,4.0043,-5.2819,-9.4989,-12.858,11.866,7.2329
17.55,-19.4,17.184,-8.1976,-9.9102,26.793,-5.9747,14.633,-6.2539,-4.3992,10.645
6.0254,-13.116,-4.9489,-7.8484,2.4777,11.235,-3.7483,12.305,-11.893,-2.8685,-3.0478
2.1126,-10.875,4.6998,-17.651,-3.3633,16.156,-3.2226,-1.0392,-1.6836,10.52,13.504
3.513,-2.7361,11.583,-6.4794,-4.7435,10.865,1.502,14.583,-11.82,-6.4087,4.1213
10.672,-11.035,22.404,-5.9215,1.0704,3.579,-2.5609,19.187,-4.3188,10.883,12.846
9.6438,3.3141,12.049,-6.6531,-20.849,17.539,-1.5371,22.202,-10.699,10.29,6.2479
13.09,-10.176,24.63,-11.404,-24.756,25.395,-7.1942,2.5157,9.4155,0.28972,21.246
-3.3972,-13.307,16.546,-13.12,-8.4708,11.923,-8.1096,8.4811,-3.4766,21.593,8.4184
-7.1078,-2.6595,-9.9138,7.8651,-15.063,-6.6691,-10.887,-5.4284,-6.1457,-1.6949,36.545
-0.55221,-11.39,23.862,8.5806,-7.0683,9.409,-10.686,12.228,0.31351,7.206,16.614
4.93,3.0499,11.819,0.091698,6.1811,1.4024,0.71177,-5.6463,-3.2974,-4.8481,17.277
14.411,-22.478,3.8572,-2.9527,-24.881,26.885,-10.301,14.844,-5.6295,15.835,14.923
10.388,-16.622,18.628,0.18767,-2.179,14.519,-13.294,12.44,-14.236,4.9906,1.0594
9.7936,-15.487,12.184,-16.211,-8.1895,1.3471,-15.592,13.661,-3.8264,18.325,-0.77426
15.559,-7.5126,10.308,-24.373,1.2678,6.8555,-12.521,-1.4757,-10.97,9.5736,14.46
8.3689,-3.1784,23.925,-21.132,-8.9567,23.453,-14.849,3.6408,-2.124,6.2941,5.9992
9.8023,-10.794,9.4821,-11.021,-8.7615,27.313,-1.0497,-7.72,-4.7212,-5.5534,1.0573
9.6506,-0.16596,7.4864,-18.478,-1.4376,0.87751,1.0807,-0.30718,-3.3456,5.6301,-0.46337
13.443,-14.702,16.449,-21.83,-28.025,3.0212,-9.4031,6.6584,-11.886,13.014,3.8337
2.0242,-17.996,18.12,9.3021,-20.658,-1.3426,-18.168,-6.7616,1.5105,-0.82274,12.133
1.4202,-16.065,10.779,-4.283,-8.3325,-0.23448,-8.9077,9.478,-9.3185,-4.041,3.3901
21.408,-15.792,12.853,-10.391,6.6,0.91888,-4.0244,20.909,-1.921,-4.5745,7.1772
13.671,1.7501,24.602,-3.8806,-2.9926,3.6116,5.9671,3.294,-0.88209,11.229,14.012
13.981,-5.174,2.3358,-12.131,-4.5271,12.709,-9.8361,17.089,-11.054,3.0169,-0.99454
-1.0247,0.15001,17.636,2.7598,-9.4136,3.2119,2.2681,22.009,-10.065,4.4678,12.113
7.2196,-10.142,18.226,-21.737,-11.012,1.1614,-11.973,7.2448,-3.3038,6.5718,16
6.2661,-10.188,12.956,-13.244,-11.193,11.328,-7.263,17.518,1.5956,-2.7668,9.4952
24.161,2.1507,22.656,-13.834,4.3382,-5.1265,-6.1192,3.415,1.0665,9.9973,27.966
4.9061,-10.114,19.22,-21.962,-6.9943,14.883,-10.17,13.6,-10.117,2.3723,15.159
-1.2629,-9.5917,3.5232,6.8411,-0.161,18.86,3.0632,15.736,-5.0414,-4.1117,14.242
13.975,-16.59,26.058,-3.4088,-7.0346,18.546,-4.6559,19.633,-13.95,0.97679,8.5152
0.3907,-1.4946,27.937,-8.1802,-3.8589,17.203,-7.3201,19.304,-10.443,8.912,7.7186
-8.3345,-6.6375,17.234,-14.539,-12.79,11.769,-8.573,9.7273,-4.1465,0.78302,14.745
14.9,-7.6578,9.7357,-10.71,-16.804,15.558,0.96146,11.1,-14.109,-1.9381,2.0077
6.6437,1.3238,-1.6597,-11.534,-7.7135,15.575,-9.8279,1.1106,-7.2218,-4.4165,16.186
10.993,-13.403,12.789,-17.713,-9.1223,9.6542,6.8387,23.312,-10.52,4.856,17.074
2.7484,-11.077,29.366,-19.21,-8.5401,-7.9247,-10.8,6.6152,-5.5406,14.476,10.333
19.964,-1.7152,13.152,-7.0102,-23.326,6.2047,-15.945,8.7046,-2.2879,-7.4596,11.927
5.5646,-15.445,6.1641,-0.62143,4.8914,-6.9636,-15.235,2.9495,-0.10185,5.1916,13.428
8.6011,-2.5385,24.559,-30.08,1.5488,3.993,-20.43,12.296,-3.2641,10.942,10.164
5.0166,-7.5977,22.552,-28.01,-12.874,2.2004,-0.84641,12.92,-3.0295,-13.94,15.862
-0.36606,-11.174,13.614,-26.673,-7.2066,6.7678,-8.0344,3.5693,-14.543,12.777,19.632
12.277,-10.987,14.833,-4.5171,-9.1021,17.023,-10.827,0.34111,0.080525,10.655,3.9109
12.26,-8.1114,25.266,-10.385,-6.3762,19.662,-4.7742,18.112,-13.321,0.93827,6.9951
0.94166,-6.789,11.285,-12.215,0.92264,15.396,2.4881,0.54807,-8.1906,3.2755,0.64122
10.116,-13.19,16.394,-11.797,-4.0667,2.0278,-9.1073,17.731,-12.899,-8.4503,4.2203
-1.5207,-22.899,7.6452,-15.269,-10.528,23.301,3.044,5.5674,-14.449,3.551,-8.5573
-11.113,-5.6478,23.261,4.8486,-6.3995,18.21,13.164,19.957,-0.34588,9.6543,10.194
16.725,-6.18,14.172,-18.685,-11.791,9.0421,-19.078,8.8618,-11.152,6.3089,12.562
1.667,-6.8118,8.0497,-14.58,-5.7994,13.929,-6.5397,12.183,-5.9845,7.5748,16.482
9.2567,-8.4034,8.1952,-25.063,-22.879,8.0486,-10.11,1.0064,-11.326,-0.39533,6.2494
0.24418,-15.55,7.0353,-4.8804,-12.384,13.669,9.0575,4.2131,-3.5847,-0.77841,4.3083
-8.4891,-4.7214,14.117,13.04,-19.08,15.651,-0.11082,16.184,-8.3377,-1.6171,5.9084
5.4955,-5.8362,-2.8271,-21.21,-14.383,5.7615,-5.4651,10.123,-8.2479,0.42684,12.992
5.3089,-14.464,5.9261,-18.728,-13.091,29.054,-2.0295,16.374,-6.6781,2.9292,6.7091
1.5128,-13.229,22.455,-17.639,-9.9799,8.612,4.9758,-3.7529,-6.6896,21.913,7.3556
-11.317,-8.6004,25.029,-2.7793,-2.4144,18.946,2.1663,-5.7781,0.044183,4.8497,22.059
-9.7188,-12.372,15.526,-25.772,-0.46672,1.0837,-3.1238,9.9622,-4.6503,-6.6359,14.652
20.514,-4.1039,21.434,4.3183,-4.8218,11.669,-2.3855,20.138,-5.5774,0.35974,15.664
8.1894,-12.365,12.334,9.1757,-7.4437,20.061,-10.517,11.962,-7.1752,4.2401,5.6462
7.8127,-8.3212,14.822,-25.071,-11.129,5.1466,-9.5474,0.6516,-9.1298,6.0495,3.357
4.6482,-19.807,6.6701,-21.308,-14.679,19.513,-8.4257,8.7289,-8.6839,7.5267,5.1309
-1.0493,-16.323,14.342,0.96965,-14.129,7.9871,-14.97,-2.3405,-9.9575,4.0632,14.633
10.464,-21.581,23.947,7.3027,-22.052,0.78429,-7.5729,6.4038,-1.5674,7.0966,21.299
-2.7319,-1.1603,-1.2033,-9.8445,-8.3097,27.409,8.0138,10.136,-16.946,5.6462,10.622
3.8722,-3.6178,11.963,-14.636,-6.5058,7.861,-2.6002,17.119,-9.0362,6.3194,5.9504
11.018,-2.8629,12.911,-22.615,-2.6766,12.149,-4.3369,-8.4635,-9.4132,-0.25091,19.79
12.6,-16.048,14.789,0.76617,3.3196,11.422,-10.695,10.237,-7.5371,10.971,9.9841
7.5114,-5.022,27.809,-10.449,1.5625,30.814,-4.7074,18.519,-8.3345,10.977,7.949
12.597,-3.0411,9.8501,-12.617,-4.1789,-3.6676,-1.8407,5.5016,-0.93582,-2.2225,5.6015
-5.0541,-18.512,14.529,-4.4935,-6.8386,-0.77922,-1.3309,9.7242,-11.958,9.5344,4.2762
5.4974,-11.318,24.814,7.1354,-14.688,20.317,-5.9497,-4.0939,-11.897,8.1129,16.31
10.718,4.4684,10.452,-22.358,-8.724,21.141,1.254,9.6482,-2.4515,-7.9148,16.609
16.789,-16.256,12.675,-20.665,-12.809,13.499,-0.23951,29.687,-7.7643,11.425,16.294
-2.3566,-5.8824,15.908,-26.688,-2.8779,6.772,-9.1911,22.544,-5.1652,4.0222,12.018
4.1206,-15.674,26.145,-11.464,-18.378,-1.5235,-16.694,4.4287,-8.1094,6.3844,3.2225
6.3433,-3.9933,14.003,-8.4347,-11.209,1.9894,-0.6389,17.678,-22.04,-3.5439,-0.19903
19.029,-15.19,6.6723,-9.9093,3.0227,4.1653,2.7938,3.5119,-8.3095,4.394,9.7957
11.006,-10.645,-1.5758,-14.273,0.54693,12.339,-0.8575,8.2895,-2.7341,10.399,12.254
3.9537,2.6576,4.7327,-16.067,-15.646,24.58,-9.9019,2.763,0.33318,-13.004,10.378
8.3571,-7.3259,20.337,-5.6311,-24.576,17.337,6.8013,12.378,-9.9703,2.7916,2.5185
10.36,3.7682,4.1329,-10.584,-11.883,15.556,-12.806,0.97509,1.4162,18.059,4.0486
7.432,-14.699,17.595,-3.5796,-9.8021,-2.8488,-8.4994,-1.6623,2.8125,-3.1866,11.212
-0.46901,-10.379,0.80661,-13.424,-21.886,24.913,-2.9375,-1.1834,-8.3657,-19.115,7.4624
-2.7375,-18.3,15.534,-16.476,-15.194,14.522,6.879,2.9096,-3.2233,0.87735,2.8991
10.289,2.422,19.716,-0.51656,0.82777,16.89,-0.12617,-6.3331,4.9998,-5.1016,18.266
-5.9833,-15.177,0.41972,-17.527,-12.664,12.647,-13.247,14.183,-5.9999,-3.4809,1.427
9.4013,-6.6207,10.432,-4.1293,-9.9839,16.696,2.4245,8.6176,-13.421,-3.5206,-2.7885
-8.9368,-19.239,15.662,-22.97,-7.5478,23.028,-14.705,8.4734,3.2533,-4.4473,20.331
-1.8682,3.7779,13.766,-17.22,-12.861,0.60898,-4.0654,26.54,-6.258,3.6791,3.1369
0.75267,-7.0726,16.99,-12.468,-17.59,-6.191,-1.6423,8.7359,0.57015,-6.7112,18.758
5.9468,-13.619,22.523,-15.321,-12.879,6.5855,-12.144,34.187,-7.836,1.0877,6.4271
-2.9717,-11.519,5.5075,1.3196,-5.988,7.5032,-13.109,8.87,-14.058,-8.4198,10.369
-0.3434,-2.9806,3.5742,10.676,-3.6622,2.813,-21.868,-6.5578,-2.576,3.4116,16.252
12.08,-10.937,25.545,-4.3845,3.731,1.7173,-10.867,2.5897,-0.12238,-3.1436,-5.1395
3.2876,-6.7818,20.341,-18.76,-7.3156,18.867,-11.813,-5.6689,-14.002,-7.2228,4.7171
13.37,-25.239,24.157,-6.2866,-12.204,16.594,-11.945,11.397,-6.0951,-3.5727,-3.7064
12.315,-9.8758,5.9327,-6.7078,-1.175,27.509,-10.495,9.326,-10.003,2.1685,-13.546
10.107,-9.081,14.172,-16.793,-0.20823,16.474,-10.561,3.1818,-10.044,-3.3566,12.951
-0.28795,-5.9121,11.177,-8.3494,-24.718,6.9933,-9.9634,16.913,-8.5876,4.5682,3.3641
6.0592,-5.2257,12.786,-3.5858,-7.6607,18.671,-8.9356,8.2112,-5.5862,-4.6667,-2.3558
-4.434,-8.8822,17.744,3.4815,-14.336,19.902,-3.1284,8.9795,-5.2421,1.0499,10.884
4.9522,0.099925,20.089,-6.3934,1.2562,3.7649,2.2182,10.283,-9.556,3.4814,6.4439
9.0722,-3.9741,18.034,-20.05,-7.0963,24.274,-8.1515,16.897,-5.7373,-14.898,11.895
14.016,-1.9625,15.244,-10.084,-18.226,18.079,3.3501,1.1587,-7.1809,4.0024,3.0888
9.1724,-4.3197,3.5959,-0.55099,-16.877,18.97,1.2199,18.09,-8.6654,-0.7433,-0.83239
-1.9283,-7.4664,20.518,-19.001,-17.458,16.347,-10.64,23.13,-3.9359,5.8544,0.2316
9.6547,-3.737,20.393,-11.836,-11.332,13.199,6.6773,24.492,-0.91587,-2.3406,-1.4102
14.759,-4.4807,4.6569,-16.872,-14.355,29.289,-11.839,7.3433,-1.0489,-8.1427,3.4536
7.5444,-10.459,28.323,-9.6023,-12.61,6.2201,5.6549,27.481,-1.7666,-9.3904,14.458
4.2774,-1.8892,27.797,-20.661,-10.521,4.8856,-0.0028648,-7.1703,-3.7596,-3.3805,3.4237
-2.8908,1.2245,4.4075,-15.344,-18.56,-6.0376,-11.217,13.786,-4.6254,7.9721,24.158
0.24866,-4.864,16.554,-6.5287,-16.753,16.273,-2.5475,3.9209,-12.708,1.9359,-0.41349
0.63543,5.7082,19.289,-11.12,-3.1589,16.753,-4.7816,12.95,-6.034,7.287,12.264
-11.111,-1.6639,8.2455,-8.4172,11.851,16.814,2.244,0.16556,-10.408,1.4504,11.579
-3.7129,5.9369,19.581,-4.438,-0.83781,15.937,-19.658,7.8732,-6.6172,-0.76278,5.236
7.1336,-7.9517,8.3683,9.16,-15.547,24.364,-6.1227,-7.3601,-5.8863,7.7694,3.4794
7.825,-10.426,11.512,1.4635,-0.4599,-3.6177,-0.28692,9.8543,-7.4004,-19.858,-4.6278
9.978,-19.061,7.0747,-15.694,-10.792,16.563,-4.7106,2.0891,-7.1578,5.227,14.735
19.409,-5.9987,2.6632,-17.241,-14.584,8.2322,0.067025,32.123,-7.4029,0.0099001,9.404
7.6396,-9.2208,18.639,-5.9213,-6.8465,-4.2559,-1.3916,-6.4778,-2.8123,-6.2094,6.3917
15.175,2.7782,5.8143,-12.771,-20.863,8.6782,-12.217,8.9871,0.44035,16.696,-1.6316
0.86431,-10.829,4.372,-9.281,-15.23,18.848,0.3991,6.6905,-7.3193,11.567,4.5483
6.6006,-20.741,13.672,-25.318,4.4531,6.6031,-3.9294,-12.618,-5.5826,12.597,10.695
9.1795,-5.5408,1.5471,-17.56,-7.7204,16.202,-7.366,17.45,-13.737,-6.4052,4.5867
16.801,-25.684,6.8487,-12.665,-6.9201,5.5793,-3.7001,5.3144,-3.0713,13.617,8.9255
8.22,-1.5324,4.5636,-8.7522,2.1717,-6.5779,-15.652,5.6264,6.2711,0.75944,12.33
6.1417,-13.79,7.819,-14.344,-17.623,24.084,2.2239,-0.34682,1.0398,-0.73699,12.285
15.244,-17.263,25.715,7.6887,-2.7651,4.6883,-1.7762,12.877,-4.57,12.386,5.8316
23.225,-9.7908,9.0455,-14.648,-6.3267,6.2577,-10.359,3.3299,-2.5056,16.825,16.422
-2.7814,-6.4294,16.103,-26.585,-8.534,12.396,-14.902,30.581,-0.11699,-4.3935,-1.6473
2.5991,-3.8656,-5.3414,-12.355,-14.409,13.375,4.8422,-8.5259,-3.9186,-10.574,11.127
4.5767,-14.957,7.5428,-22.909,-19.672,11.744,-13.801,0.44423,-10.46,25.193,0.24196
1.2837,-5.0534,22.413,-0.51592,9.7007,8.5653,12.397,7.2142,-7.3641,0.70343,18.281
7.582,-2.7403,16.479,-0.48605,-26.811,-3.5825,-12.933,16.386,-2.4273,-13.682,1.6426
8.8787,-11.082,5.6604,-23.981,-3.9239,2.8807,-7.4711,-0.015199,-10.433,5.0136,18.212
2.8571,4.1545,14.098,2.9689,-9.7392,4.2688,-9.7218,13.344,-4.2466,-11.92,12.112
-1.742,-1.4876,27.069,-7.5858,2.9362,24.617,2.1014,41.978,-0.52659,8.4148,-1.2032
3.711,-21.766,18.284,1.3331,-14.405,4.8101,-12.931,13.747,-2.5003,8.3261,13.21
7.9909,-8.9848,25.713,-17.151,-13.29,14.725,-1.1741,4.081,-8.4214,0.078072,8.6997
-9.5463,-5.5985,16.34,-0.15348,-14.982,2.4756,-14.792,25.655,2.7863,-5.185,18.275
12.721,-4.8987,2.9512,1.462,-1.0825,11.651,-8.8993,14.553,-9.1935,8.0674,15.932
12.453,-4.0651,17.536,7.5435,8.5714,20.704,-18.257,7.3742,-10.945,0.35984,-12.651
8.1379,-15.635,16.138,-20.9,-15.372,22.323,-17.268,9.844,-2.6077,3.6363,10.113
-8.3739,-10.796,12.068,-24.987,-1.4748,15.282,-0.88122,-2.1266,5.2263,-5.6195,12.379
13.42,7.4103,23.402,-17.15,-8.988,16.752,-7.5037,20.856,1.7709,17.369,14.56
1.5407,-11.572,5.9953,-5.2955,-7.2743,11.92,4.0326,7.2351,-14.993,-3.2862,16.896
11.822,-12.184,17.032,0.63793,2.8688,6.3788,-7.4872,19.613,1.0313,12.391,21.467
-1.5006,-19.292,0.14213,-0.3223,-15.92,15.722,4.6513,10.362,-1.8665,18.239,12.207
-1.6626,-21.677,17.403,-18.798,-5.6334,3.8035,-0.28717,10.824,-9.4855,-7.3166,3.4678
7.2499,-13.665,24.443,-2.6647,-15.444,11.8,-10.548,22.972,-3.6016,-4.6647,11.985
-5.4487,-5.6705,11.286,-0.20924,-23.5,14.463,-9.0678,-6.9482,-7.8708,-3.3945,8.5086
-8.9931,-24.138,8.508,-28.899,-4.0125,-2.7157,-4.0275,6.2129,-15.777,8.4039,-1.0909
12.027,-16.848,16.008,-12.343,-6.503,-5.5088,-7.1928,4.9719,-10.021,-13.927,12.028
0.85458,2.5373,15.096,-10.442,-4.6312,7.393,-3.4784,1.5742,-7.9921,-0.0073435,14.777
-9.2821,-10.147,0.98105,-7.7621,-18.338,6.7286,-6.4488,-1.6975,-8.8428,-5.5112,6.648
-6.6601,-6.5297,11.752,-8.1261,-15.453,10.26,-10.931,2.7662,-5.9077,7.0693,24.092
3.1128,-7.1366,20.083,-17.63,-1.3384,18.243,0.62007,-0.068494,-2.0342,4.7313,7.964
11.865,-3.1279,16.671,-13.105,-11.854,1.2751,-2.5779,17.598,4.9909,-7.5449,13.53
10.372,-16.642,11.68,1.826,-8.4099,4.5383,0.18367,-0.52102,-3.4998,15.89,-1.4358
13.953,-8.3127,17.736,-8.9898,-7.7972,-10.867,-6.8842,27.861,-3.1087,13.242,8.034
-8.9968,-18.15,19.443,2.5402,-0.39931,2.2808,-4.5276,9.2044,-6.2156,-9.4893,19.598
3.3896,-5.4083,1.7661,1.7151,-8.5897,2.8583,-3.1737,14.401,5.5227,-3.841,2.7069
6.5507,5.2475,4.8555,2.1393,-1.2823,8.4092,-13.523,13.917,-5.9614,-5.3541,16.185
15.279,1.942,14.07,-13.779,-3.4685,-3.8675,-2.0839,2.8781,-5.3398,-4.9079,14.018
-4.5124,-16.035,25.996,10.332,-7.8097,11.266,-5.9294,-8.6905,-7.9626,-1.0509,14.44
-0.93346,-21.413,8.1736,-30.468,-8.541,13.71,-1.8835,15.731,-12.783,14.734,4.8443
19.58,0.25295,17.882,-16.209,-4.6498,22.444,-0.69398,-9.182,-2.6386,8.4116,13.862
4.383,-0.85859,-1.6664,-16.228,-5.5643,15.559,-8.5284,-11.89,-8.1671,3.3754,20.238
-3.3578,-6.0635,19.828,-2.8436,-6.4728,13.166,-1.3018,11.397,-11.587,3.1646,17.166
4.6165,3.1101,22.128,-15.351,-6.5402,-1.9905,-1.5959,17.028,-7.233,-1.0731,14.392
4.3131,-7.8802,12.313,1.131,-0.030401,31.06,3.8832,10.195,-4.0355,-5.6086,-1.5464
9.273,-14.648,20.464,-15.776,-13.082,12.914,-2.9934,8.5597,-3.198,-6.8761,15.658
3.6426,-9.4003,16.959,2.2927,-13.829,13.86,-3.409,11.147,-8.6951,16.952,5.3727
2.3373,-4.867,18.063,7.9746,-8.1892,6.4069,-10.756,19.369,-5.5228,2.0911,6.8025
-14.937,-14.834,12.858,-20.014,-6.0851,-2.7021,-8.411,-4.4168,-7.4463,8.5049,9.8395
7.6638,-21.316,10.086,-13.476,1.8698,31.556,-4.2077,6.7835,-9.0697,25.711,4.2054
-9.1389,-21.436,7.3554,-8.3463,-17.558,29.349,-3.0604,9.2124,2.8552,0.42779,10.553
0.89505,-11.62,19.614,-14.456,-5.8477,18.464,-20.055,5.2833,-2.7922,0.27667,0.70823
7.5155,-18.02,20.944,-5.8834,-13.98,2.453,-0.85709,8.0792,-12.567,-1.311,6.8329
3.171,0.2819,0.41722,-4.7981,-20.369,-0.45943,-6.386,9.3742,-7.3344,-1.4767,5.2896
7.7766,-27.636,16.955,-8.1185,-19.214,14.357,-0.21915,23.351,-10.922,7.4301,12.08
-2.545,-0.20065,5.8808,-0.76042,-4.0691,8.243,2.2832,24.099,-0.72125,2.0028,0.59598
-0.64948,-11.458,21.517,-15.751,-4.9977,10.164,-9.1536,-5.9707,-0.10109,4.9445,14.419
18.685,3.8362,7.9891,-10.295,8.6346,7.3778,-6.0865,7.5306,-13.865,13.761,2.1602
17.6,-11.756,-0.53293,-18.278,-2.3881,20.629,4.3401,1.6855,-6.3253,-1.0842,11.263
24.01,-1.1365,14.871,-13.086,-14.275,23.636,-11.063,13.441,-13.438,1.3592,-3.2056
11.276,-8.9884,3.7057,2.6716,-1.6004,25.469,-14.496,13.927,-1.5505,-6.3217,3.5124
1.5018,-9.1823,15.696,-31.414,-4.3513,8.9596,-1.4425,-0.54637,-7.5476,14.276,5.3326
6.9354,-24.911,22.792,-0.2481,-5.0808,7.3973,4.3932,2.4668,-9.8078,12.234,10.479
2.9091,-6.6557,15.812,0.90046,-10.007,12.798,-10.828,9.1907,-8.5131,-14.265,14.06
-9.6539,-10.098,6.088,-17.224,-35.352,2.6773,-13.815,10.688,-10.804,5.5712,-9.5282
-17.425,-2.4941,8.4809,-4.8948,-12.462,7.3222,-18.575,13.384,-6.3131,-6.3812,8.0013
5.5912,6.7071,25.261,7.252,-15.336,6.2644,-1.4937,24.245,-4.6431,13.628,9.853
2.2037,-6.7634,5.3434,-11.208,-10.672,6.6835,-12.03,11.223,-8.5043,-9.9324,8.3408
-9.2959,-3.4023,5.8592,-29.676,-2.8304,15.849,-6.2983,6.9344,-6.4772,7.1005,8.619
5.3499,-12.919,12.132,-30.098,-23.688,15.294,-7.9543,16.383,-2.2772,-12.926,25.837
3.469,-17.071,5.7813,-5.8209,-6.2592,19.73,-8.619,-20.557,-6.9052,1.5237,-1.3822
-8.1685,2.4113,9.6268,-6.0284,4.9285,24.571,-16.058,15.811,-9.8656,16.356,10.029
17.231,-3.2214,9.4689,-10.746,11.447,-4.7383,0.18873,3.4316,-3.9475,8.7943,15.61
0.72074,-2.8327,11.372,-15.137,-4.3799,20.171,1.2743,-7.8223,-3.3546,5.6268,12.589
-8.2943,-4.4984,11.424,-12.538,-4.192,-0.57328,-5.0173,5.5718,-14.946,8.5024,3.7333
14.812,-6.2226,7.2109,-12.544,-8.9819,25.481,-9.8887,10.11,-9.1124,-6.8704,6.5908
-0.65764,-15.522,14.195,-11.049,-1.9051,13.539,-6.0622,1.2216,-3.2244,-2.1426,13.474
6.0278,-16.314,11.946,-3.2216,-7.5792,8.3231,-5.007,1.2362,-9.3396,5.9564,13.147
8.0959,-2.391,9.8023,-20.364,-15.581,13.17,-4.4332,3.518,-1.9291,3.549,23.895
1.571,-17.717,4.458,-1.0845,0.066276,11.843,-2.5443,5.6295,-13.224,9.9876,12.911
11.459,-6.8736,24.065,0.68834,-14.256,-14.539,-26.296,18.509,-6.1147,15.668,0.32325
5.2851,-8.9448,25.533,8.5894,-1.3686,17.217,5.0889,-8.0555,1.2283,5.711,2.1756
-2.718,-7.8087,10.426,-20.883,-18.581,-1.9495,-12.541,12.436,-7.3644,7.1416,22.282
-2.3821,-11.33,12.79,-33.619,-8.2699,7.5126,-11.765,-1.4219,-4.8998,5.5831,12.499
6.2802,-17.383,23.921,-13.851,-15.938,5.5595,1.4785,2.6205,-8.548,-0.23867,-2.9525
0.84255,-6.8034,11.62,-6.8815,-10.312,2.8,-12.659,21.718,-6.2003,3.3453,10.939
10.333,-13.31,10.563,-13.278,-0.52081,13.426,-13.195,8.2035,-5.2883,-2.009,16.268
10.415,-22.235,18.867,-4.8356,-6.0527,3.8047,1.7927,11.345,-15.522,-7.2336,-3.27
2.059,-11.448,4.7342,-11.045,-15.595,13.942,1.4652,17.505,-5.1795,5.5452,18.26
-5.3443,-4.0864,16.972,-14.291,-7.6113,2.1787,-13.746,-8.4384,-4.5827,-6.625,16.828
-3.8409,-12.8,1.3416,-5.3038,-11.195,-0.078478,0.028865,-8.0835,-21.345,10.631,-8.1775
8.9888,-4.7513,25.804,-2.8342,2.0912,22.99,-9.8906,22.926,1.6709,-6.9343,6.4773
4.2099,-7.378,13.313,-6.3751,-4.6458,5.1381,6.3423,3.0525,-12.315,-16.195,7.524
10.921,-4.8546,2.758,-18.602,-20.302,4.5621,-11.9,10.223,0.53718,-2.3898,12.511
-4.4983,-14.213,23.385,-11.114,2.1415,-5.0302,-4.9087,-8.0949,-9.6224,12.535,3.4044
-2.2208,-7.8228,8.5717,5.8601,-12.354,26.764,-5.1444,2.9276,-10.291,-2.149,17.842
10.353,-2.4006,8.7133,-7.5566,-7.6773,3.2099,-6.0466,13.718,-4.1996,17.603,8.6753
-3.7083,1.562,16.096,-17.653,-4.4799,16.873,0.54328,9.4321,-5.4746,3.7122,2.9348
-3.0817,-15.509,18.389,-3.2716,-12.726,-8.8789,-9.3551,4.8746,-11.38,4.5915,8.5655
-0.5917,-18.981,26.757,-13.452,1.4524,1.8693,-16.655,14.291,-4.0452,-13.641,5.5657
-1.8501,-19.082,13.544,-6.5477,-18.379,1.2818,3.0712,11.741,-8.4418,3.4541,-8.2571
7.6695,-8.1499,10.984,-15.784,-3.0998,3.0258,-10.274,5.0767,-9.0932,-0.37258,5.6617
8.9898,-5.4571,27.123,-27.038,0.63582,5.6099,6.2718,-8.5224,-4.1687,-0.6709,2.8213
-4.5528,-1.8742,16.9,-21.781,-3.1005,12.719,-0.09486,4.7735,0.16038,-0.36036,7.0405
8.524,-6.1497,6.0803,-6.435,-15.626,-3.9826,-12.025,11.298,-9.2728,-2.3403,4.4824
2.2757,-2.2784,13.317,-7.1395,-12.441,8.555,0.97614,16.848,3.2413,9.9175,5.6741
5.0474,-12.442,16.08,-3.1718,-6.5288,17.532,-11.674,-2.1998,-8.4422,1.0547,6.4564
1.7058,-11.068,13.525,-0.2472,-11.326,6.988,-21.262,14.658,-0.46837,-8.7086,5.1431
11.935,-8.7558,18.484,-10.462,-1.783,17.52,7.1285,5.1826,-1.9793,-0.068595,12.499
12.688,-7.9898,15.537,6.6413,1.062,33.353,6.123,17.816,-17.526,-2.7214,3.4467
-0.8187,-14.602,14.606,5.2337,-10.697,13.69,-1.4915,17.74,-9.7646,8.9738,13.674
11.404,-10.84,12.983,-3.2963,7.1382,9.3622,-3.7756,10.741,-10.933,-7.0958,5.8453
15.282,-21.841,4.1075,-1.0084,-15.534,9.2186,-5.35,21.104,-1.1688,13.919,11.534
10.479,-5.8451,0.85026,-10.2,-10.303,20.447,-10.271,21.897,-6.9642,-4.997,-0.45067
-2.8793,-8.7971,17.113,-19.363,-11.093,2.9881,4.9842,9.5236,-8.2772,-2.3317,2.9515
-1.4428,2.5502,16.16,-14.015,-2.8018,12.016,-3.9124,2.3177,-7.4853,-11.733,18.301
12.389,-12.205,12.383,-4.6361,6.9724,6.2414,5.1129,11.74,-16.604,5.9753,14.784
1.9816,-5.5655,10.607,-19.141,-7.9481,18.829,-16.382,3.1101,1.7803,4.6996,0.85924
0.11789,-24.108,25.6,-2.1844,-26.407,9.5243,-10.713,-1.1009,-7.4522,-16.072,-1.506
-14.472,-12.099,17.745,-5.1732,-13.188,-3.5597,-6.3798,-5.8045,-10.553,21.175,4.9761
10.459,-12.682,17.486,-11.079,5.4297,18.866,-6.8516,3.6709,-3.6845,-12.256,-0.067553
6.7622,-5.3647,20.538,-20.588,3.1674,6.055,-4.9483,19.973,-5.0859,18.368,5.6972
-8.5918,-7.0446,8.2141,4.0419,-13.361,8.9308,6.0973,-11.422,-5.724,12.705,23.809
11.277,-14.744,15.157,-0.84063,-11.063,34.939,-13.155,11.421,-8.5436,0.52185,15.274
0.60235,-15.873,7.2775,-30.882,-2.9463,20.752,-8.685,16.03,-6.4527,7.1194,15.123
-2.4817,-12.285,20.858,-22.19,3.2007,11.376,-8.6966,0.44172,-7.071,5.6653,5.5978
-11.775,-19.878,10.471,-4.083,-17.549,4.9606,-8.2388,3.7503,1.0771,-6.2244,6.7333
14.216,-7.7929,14.489,-4.263,-0.12688,6.5084,-12.393,1.3043,3.1705,9.5005,10.921
10.49,-17.14,10.391,-3.8925,5.3803,7.9914,1.9388,11.173,-14.306,7.1911,20.516
4.1279,-9.7224,11.201,-2.3603,-5.6315,6.7467,8.8882,-12.3,-8.3381,-8.5705,4.1715
-11.788,-11.484,12.439,-3.1628,0.12198,15.905,-14.988,15.049,-19.249,-8.9493,16.944
-7.5147,-11.633,12.714,-9.6599,-20.17,46.575,-10.499,20.523,-1.2237,4.4789,-0.18637
8.6472,-1.0303,28.043,-11.705,-9.5644,9.959,-9.1245,-1.0222,-4.9447,-12.635,4.8048
11.212,-27.123,9.1503,-12.816,-3.6818,6.8507,-6.5952,5.5156,-12.225,8.3822,-6.5645
9.811,-11.24,14.365,-14.949,-9.5929,21.292,-20.176,14.618,-0.59768,10.785,12.29
-5.3306,-16.951,12.031,5.0953,5.9732,8.0459,-20.332,17.374,-14.049,4.5128,13.981
5.4573,-19.51,16.498,-2.8597,15.592,11.535,-0.071766,17.181,-10.213,-7.9812,4.3845
-0.30803,-10.04,20.669,-21.093,-4.645,0.34274,-15.231,15.34,-5.2141,3.3426,9.0173
9.1528,-8.3569,27.858,-7.7818,-12.707,6.316,-1.3834,4.9309,-3.06,-6.6432,9.7958
5.5312,-9.8542,28.799,-3.0932,8.5545,16.291,-1.7587,10.872,-9.4503,-8.7577,0.62009
1.4704,-7.0479,16.893,-16.25,2.0566,9.7262,-9.2133,18.492,1.3781,4.1387,4.2558
2.9318,-10.601,22.523,-1.7165,-8.1168,10.339,-2.303,1.4257,-12.935,1.0581,6.9744
12.24,-13.507,8.1371,-5.2066,-11.377,27.481,-0.81624,14.032,-8.5357,-4.9205,-1.6587
4.31,-29.865,10.84,-3.7708,-0.17204,0.59798,-15.753,3.0305,-0.94535,6.6315,13.28
6.0856,-6.2396,1.0948,-11.556,4.3354,2.8618,-16.348,0.79716,-15.896,5.9085,-1.7252
4.6389,-3.249,16.771,-21.864,-15.438,6.9541,-6.4259,9.8877,-10.643,2.2451,14.532
9.0079,-7.4899,26.499,-7.9405,-5.3752,7.2464,-21.047,0.83504,-2.2502,-0.10951,6.4996
19.177,-11.827,22.228,0.99794,-3.3345,-0.29412,-13.41,18.013,-5.9619,2.3925,11.292
10.751,0.072966,11.88,-9.6078,-21.975,11.819,-17.263,6.2359,-10.265,3.0759,9.5138
8.611,-2.0876,13.61,-5.5095,4.5655,-2.1501,6.6528,6.6049,-0.55456,-21.551,5.522
-1.835,-17.591,26.439,-10.182,-14.341,6.7289,-0.97211,-1.0719,-11.21,10.765,12.803
2.2148,-12.275,19.421,-10.876,-20.054,6.3953,-17.052,-9.2625,-6.4055,1.9563,10.413
0.36924,-13.898,10.591,12.442,-12.886,10.773,1.0848,9.1386,-11.02,13.989,11.479
1.6774,-11.7,9.6985,-20.48,-3.1864,1.9257,0.66923,12.757,-14.873,4.1881,-2.8337
4.7129,-5.468,7.4638,15.156,-4.8159,-10.093,3.8304,-0.36,-11.221,-3.2625,1.5913
6.4172,-3.1405,9.8275,-20.562,-3.6918,16.501,-17.233,7.9388,-1.4884,3.5513,14.86
-7.9963,-18.602,14.852,-14.645,-6.1428,10.633,-11.947,10.58,-1.1972,-12.253,17.491
12.621,-6.8527,20.093,-0.93319,-13.812,6.0562,-9.3733,17.209,-3.2927,5.5,6.299
1.5991,-7.8671,23.39,-4.2533,2.1894,3.9517,-2.2858,-13.814,-6.6078,4.387,10.469
3.1897,-10.149,29.6,-14.992,-3.9182,17.131,-16,7.4288,-0.23336,5.3176,-0.5068
-5.5091,1.8065,16.554,-7.1084,-12.49,11.464,1.6379,22.301,-2.4286,4.1722,15.217
5.3961,-6.039,21.236,-21.209,-6.7209,30.243,-6.4137,5.4897,-9.19,0.83117,17.269
2.0893,-1.3716,20.552,-2.3891,-6.3346,8.3809,-0.81452,13.296,-5.9444,-15.449,4.1434
2.7814,-2.3798,14.856,-4.5724,-7.8351,7.6691,3.2181,4.8914,-0.32634,-7.6719,6.5746
0.2336,-0.094361,18.265,-20.997,-11.131,7.0446,4.584,-5.8042,3.8272,6.3323,1.7929
5.307,4.0151,20.532,-12.623,-10.55,21.177,-9.7689,17.411,-8.4612,1.4968,9.5181
19.445,-7.3737,10.227,-12.73,-15.492,-4.2471,-6.2171,15.635,-0.55539,6.2184,1.5346
7.2408,-13.063,13.479,10.849,-7.1184,-1.7787,-0.64052,24.767,-4.8155,19.043,16.157
-2.1857,-17.368,11.698,-7.4408,-8.8819,7.4705,-9.542,2.0145,-7.9145,-4.0845,16.063
-2.4719,-8.1193,8.5666,-10.392,-16.473,0.38734,-2.3675,4.6762,6.3088,3.7789,5.8396
-1.933,-6.8389,16.034,-2.6574,-12.286,1.2677,-2.2296,9.3001,-4.4745,2.1704,1.7161
-12.12,-5.8459,28.952,-10.215,-18.07,15.44,-4.9613,31.429,-7.4064,5.847,20.797
7.1574,-15.371,12.377,-16.256,-5.9135,12.806,-10.594,-8.298,-7.0116,2.6279,-4.5682
14.312,-7.7542,7.6863,-2.8749,-15.809,16.485,-3.7436,17.908,-8.37,-5.9828,6.0669
8.3879,-10.076,21.57,-12.566,-8.8806,8.3405,-12.872,9.7587,-9.555,7.8457,2.1936
3.0595,-5.9263,31.837,0.24534,10.051,-1.9974,2.0594,12.572,4.1102,14.816,9.0353
5.4202,-5.1098,12.192,-0.82489,-11.061,15.106,0.62123,-8.2475,-13.899,9.418,1.8414
11.605,-9.1342,19.583,-8.3099,-10.183,19.411,-11.03,21.425,1.0143,-0.78407,6.2179
9.4913,-12.824,-0.51711,-7.7419,-0.82615,12.415,-7.9639,-1.302,-9.0447,7.7041,3.7488
